"","Date","JPM"
"1","1/3/2006",29.873466
"2","1/4/2006",29.701059
"3","1/5/2006",29.791012
"4","1/6/2006",30.000916
"5","1/9/2006",30.488176
"6","1/10/2006",30.533171
"7","1/11/2006",30.510679
"8","1/12/2006",29.948437
"9","1/13/2006",29.925947
"10","1/17/2006",29.76852
"11","1/18/2006",29.446171
"12","1/19/2006",29.28125
"13","1/20/2006",28.524105
"14","1/23/2006",28.689024
"15","1/24/2006",28.569086
"16","1/25/2006",28.846455
"17","1/26/2006",29.678568
"18","1/27/2006",29.798508
"19","1/30/2006",29.873466
"20","1/31/2006",29.798508
"21","2/1/2006",29.895958
"22","2/2/2006",29.978418
"23","2/3/2006",29.633587
"24","2/6/2006",29.566118
"25","2/7/2006",29.431177
"26","2/8/2006",29.686058
"27","2/9/2006",29.813496
"28","2/10/2006",29.925947
"29","2/13/2006",29.813496
"30","2/14/2006",30.06089
"31","2/15/2006",30.225813
"32","2/16/2006",30.600636
"33","2/17/2006",30.570648
"34","2/21/2006",30.510679
"35","2/22/2006",31.042917
"36","2/23/2006",30.818039
"37","2/24/2006",31.230328
"38","2/27/2006",31.170362
"39","2/28/2006",30.840521
"40","3/1/2006",31.207853
"41","3/2/2006",31.230328
"42","3/3/2006",31.177853
"43","3/6/2006",31.057915
"44","3/7/2006",31.0954
"45","3/8/2006",31.18536
"46","3/9/2006",30.773046
"47","3/10/2006",30.833019
"48","3/13/2006",30.780552
"49","3/14/2006",31.020445
"50","3/15/2006",30.90049
"51","3/16/2006",30.97546
"52","3/17/2006",31.035416
"53","3/20/2006",31.072912
"54","3/21/2006",30.885494
"55","3/22/2006",31.522697
"56","3/23/2006",31.515192
"57","3/24/2006",31.560183
"58","3/27/2006",31.567675
"59","3/28/2006",31.155373
"60","3/29/2006",31.245329
"61","3/30/2006",31.132883
"62","3/31/2006",31.215342
"63","4/3/2006",31.432753
"64","4/4/2006",31.946663
"65","4/5/2006",32.150738
"66","4/6/2006",31.961781
"67","4/7/2006",31.515875
"68","4/10/2006",31.651918
"69","4/11/2006",31.447851
"70","4/12/2006",31.66703
"71","4/13/2006",31.8862
"72","4/17/2006",31.742613
"73","4/18/2006",32.196079
"74","4/19/2006",32.211185
"75","4/20/2006",32.196079
"76","4/21/2006",32.120499
"77","4/24/2006",32.256538
"78","4/25/2006",31.908888
"79","4/26/2006",32.241413
"80","4/27/2006",33.216366
"81","4/28/2006",34.297127
"82","5/1/2006",33.84367
"83","5/2/2006",34.387829
"84","5/3/2006",34.35759
"85","5/4/2006",34.531422
"86","5/5/2006",35.256962
"87","5/8/2006",34.84129
"88","5/9/2006",34.78083
"89","5/10/2006",34.705254
"90","5/11/2006",34.123295
"91","5/12/2006",33.49601
"92","5/15/2006",33.662281
"93","5/16/2006",33.49601
"94","5/17/2006",32.687321
"95","5/18/2006",32.30188
"96","5/19/2006",32.309441
"97","5/22/2006",32.226295
"98","5/23/2006",31.87109
"99","5/24/2006",31.85598
"100","5/25/2006",32.385025
"101","5/26/2006",32.672215
"102","5/30/2006",32.075153
"103","5/31/2006",32.226295
"104","6/1/2006",32.936737
"105","6/2/2006",33.110558
"106","6/5/2006",32.475712
"107","6/6/2006",32.0298
"108","6/7/2006",31.931545
"109","6/8/2006",32.007122
"110","6/9/2006",31.818188
"111","6/12/2006",31.440294
"112","6/13/2006",30.631617
"113","6/14/2006",30.208387
"114","6/15/2006",30.684525
"115","6/16/2006",30.35198
"116","6/19/2006",30.193274
"117","6/20/2006",30.601389
"118","6/21/2006",31.145538
"119","6/22/2006",31.039734
"120","6/23/2006",30.888577
"121","6/26/2006",31.364721
"122","6/27/2006",30.86591
"123","6/28/2006",31.190897
"124","6/29/2006",32.256538
"125","6/30/2006",31.742613
"126","7/3/2006",32.664566
"127","7/5/2006",32.314064
"128","7/6/2006",32.34454
"129","7/7/2006",32.314064
"130","7/10/2006",32.443592
"131","7/11/2006",32.664566
"132","7/12/2006",32.192154
"133","7/13/2006",31.536871
"134","7/14/2006",31.155903
"135","7/17/2006",31.034008
"136","7/18/2006",31.018764
"137","7/19/2006",32.801701
"138","7/20/2006",32.74836
"139","7/21/2006",32.877907
"140","7/24/2006",33.677944
"141","7/25/2006",34.005596
"142","7/26/2006",34.020824
"143","7/27/2006",34.05891
"144","7/28/2006",34.653233
"145","7/31/2006",34.759914
"146","8/1/2006",34.676094
"147","8/2/2006",34.660851
"148","8/3/2006",34.790386
"149","8/4/2006",34.378937
"150","8/7/2006",34.493229
"151","8/8/2006",34.279888
"152","8/9/2006",33.792229
"153","8/10/2006",33.563652
"154","8/11/2006",33.472233
"155","8/14/2006",33.44175
"156","8/15/2006",34.317978
"157","8/16/2006",34.645618
"158","8/17/2006",34.637997
"159","8/18/2006",34.828484
"160","8/21/2006",34.637997
"161","8/22/2006",34.55418
"162","8/23/2006",34.683712
"163","8/24/2006",34.805622
"164","8/25/2006",34.683712
"165","8/28/2006",35.064686
"166","8/29/2006",35.026592
"167","8/30/2006",34.843716
"168","8/31/2006",34.790386
"169","9/1/2006",34.843716
"170","9/5/2006",34.89706
"171","9/6/2006",34.958019
"172","9/7/2006",34.439884
"173","9/8/2006",34.485611
"174","9/11/2006",34.58466
"175","9/12/2006",35.057072
"176","9/13/2006",35.354229
"177","9/14/2006",35.430424
"178","9/15/2006",35.773296
"179","9/18/2006",35.491386
"180","9/19/2006",35.659004
"181","9/20/2006",35.979027
"182","9/21/2006",35.666618
"183","9/22/2006",35.674248
"184","9/25/2006",35.742817
"185","9/26/2006",35.735191
"186","9/27/2006",35.689487
"187","9/28/2006",35.925678
"188","9/29/2006",35.78091
"189","10/2/2006",35.712337
"190","10/3/2006",36.382866
"191","10/4/2006",36.444248
"192","10/5/2006",36.382866
"193","10/6/2006",35.960777
"194","10/9/2006",36.152622
"195","10/10/2006",36.474937
"196","10/11/2006",36.559349
"197","10/12/2006",37.035149
"198","10/13/2006",36.958405
"199","10/16/2006",36.62841
"200","10/17/2006",36.827946
"201","10/18/2006",36.22937
"202","10/19/2006",35.968441
"203","10/20/2006",36.160297
"204","10/23/2006",36.3675
"205","10/24/2006",36.175655
"206","10/25/2006",36.275398
"207","10/26/2006",36.65913
"208","10/27/2006",36.290764
"209","10/30/2006",36.413548
"210","10/31/2006",36.405869
"211","11/1/2006",36.014496
"212","11/2/2006",35.991474
"213","11/3/2006",35.983791
"214","11/6/2006",36.567032
"215","11/7/2006",36.444248
"216","11/8/2006",36.559349
"217","11/9/2006",36.252392
"218","11/10/2006",36.536343
"219","11/13/2006",36.574707
"220","11/14/2006",36.643757
"221","11/15/2006",36.413548
"222","11/16/2006",36.720501
"223","11/17/2006",36.574707
"224","11/20/2006",36.758881
"225","11/21/2006",36.643757
"226","11/22/2006",36.520992
"227","11/24/2006",36.275398
"228","11/27/2006",35.784271
"229","11/28/2006",35.454281
"230","11/29/2006",35.814953
"231","11/30/2006",35.51569
"232","12/1/2006",35.308475
"233","12/4/2006",35.945431
"234","12/5/2006",36.221699
"235","12/6/2006",35.937744
"236","12/7/2006",35.784271
"237","12/8/2006",35.884037
"238","12/11/2006",36.490284
"239","12/12/2006",36.551689
"240","12/13/2006",36.528656
"241","12/14/2006",36.797256
"242","12/15/2006",37.06583
"243","12/18/2006",37.012127
"244","12/19/2006",37.042824
"245","12/20/2006",37.00444
"246","12/21/2006",37.334435
"247","12/22/2006",36.751209
"248","12/26/2006",37.073524
"249","12/27/2006",37.564667
"250","12/28/2006",37.541637
"251","12/29/2006",37.06583
"252","1/3/2007",37.150864
"253","1/4/2007",37.243595
"254","1/5/2007",36.934456
"255","1/8/2007",37.058105
"256","1/9/2007",36.903538
"257","1/10/2007",37.174049
"258","1/11/2007",37.336349
"259","1/12/2007",37.089027
"260","1/16/2007",37.398174
"261","1/17/2007",37.429089
"262","1/18/2007",37.212692
"263","1/19/2007",37.684124
"264","1/22/2007",38.379681
"265","1/23/2007",38.511078
"266","1/24/2007",38.920681
"267","1/25/2007",38.804764
"268","1/26/2007",38.410603
"269","1/29/2007",38.232845
"270","1/30/2007",38.781567
"271","1/31/2007",39.361202
"272","2/1/2007",39.577595
"273","2/2/2007",39.361202
"274","2/5/2007",39.384388
"275","2/6/2007",39.41531
"276","2/7/2007",39.577595
"277","2/8/2007",39.361202
"278","2/9/2007",38.967064
"279","2/12/2007",38.982502
"280","2/13/2007",39.376671
"281","2/14/2007",39.739895
"282","2/15/2007",39.577595
"283","2/16/2007",39.608521
"284","2/20/2007",39.902199
"285","2/21/2007",39.917648
"286","2/22/2007",39.909924
"287","2/23/2007",39.438492
"288","2/26/2007",39.268467
"289","2/27/2007",38.039627
"290","2/28/2007",38.171013
"291","3/1/2007",38.024181
"292","3/2/2007",37.243595
"293","3/5/2007",36.741253
"294","3/6/2007",37.498638
"295","3/7/2007",37.374989
"296","3/8/2007",37.668667
"297","3/9/2007",37.730492
"298","3/12/2007",37.745964
"299","3/13/2007",36.092045
"300","3/14/2007",36.555767
"301","3/15/2007",36.864906
"302","3/16/2007",36.347095
"303","3/19/2007",36.772167
"304","3/20/2007",36.903538
"305","3/21/2007",37.908253
"306","3/22/2007",37.460003
"307","3/23/2007",37.498638
"308","3/26/2007",37.637753
"309","3/27/2007",37.537277
"310","3/28/2007",37.089027
"311","3/29/2007",37.483181
"312","3/30/2007",37.390442
"313","4/2/2007",37.282238
"314","4/3/2007",37.79594
"315","4/4/2007",37.79594
"316","4/5/2007",37.959381
"317","4/9/2007",38.138405
"318","4/10/2007",38.325207
"319","4/11/2007",38.255161
"320","4/12/2007",38.294067
"321","4/13/2007",38.208458
"322","4/16/2007",38.893394
"323","4/17/2007",39.056854
"324","4/18/2007",40.527905
"325","4/19/2007",40.543468
"326","4/20/2007",40.893719
"327","4/23/2007",40.691341
"328","4/24/2007",40.597946
"329","4/25/2007",41.111649
"330","4/26/2007",41.205044
"331","4/27/2007",40.901497
"332","4/30/2007",40.551254
"333","5/1/2007",40.675785
"334","5/2/2007",40.901497
"335","5/3/2007",41.018242
"336","5/4/2007",40.963749
"337","5/7/2007",41.041595
"338","5/8/2007",40.823666
"339","5/9/2007",41.407413
"340","5/10/2007",40.473412
"341","5/11/2007",40.590172
"342","5/14/2007",40.341106
"343","5/15/2007",40.496765
"344","5/16/2007",41.236187
"345","5/17/2007",40.909279
"346","5/18/2007",40.893719
"347","5/21/2007",40.909279
"348","5/22/2007",40.699131
"349","5/23/2007",40.465633
"350","5/24/2007",40.154293
"351","5/25/2007",40.193214
"352","5/29/2007",40.333309
"353","5/30/2007",40.520111
"354","5/31/2007",40.341106
"355","6/1/2007",40.39558
"356","6/4/2007",40.138744
"357","6/5/2007",39.86631
"358","6/6/2007",39.352615
"359","6/7/2007",38.776642
"360","6/8/2007",39.235851
"361","6/11/2007",39.251423
"362","6/12/2007",38.41082
"363","6/13/2007",39.142464
"364","6/14/2007",39.165806
"365","6/15/2007",39.352615
"366","6/18/2007",39.251423
"367","6/19/2007",39.578327
"368","6/20/2007",38.496445
"369","6/21/2007",38.792213
"370","6/22/2007",37.920471
"371","6/25/2007",37.640266
"372","6/26/2007",37.827076
"373","6/27/2007",38.325207
"374","6/28/2007",38.107273
"375","6/29/2007",37.710335
"376","7/2/2007",38.255161
"377","7/3/2007",38.702267
"378","7/5/2007",38.27084
"379","7/6/2007",38.412037
"380","7/9/2007",38.27084
"381","7/10/2007",37.266823
"382","7/11/2007",37.753151
"383","7/12/2007",38.851303
"384","7/13/2007",39.259182
"385","7/16/2007",39.086636
"386","7/17/2007",39.157215
"387","7/18/2007",38.34145
"388","7/19/2007",38.137497
"389","7/20/2007",37.306038
"390","7/23/2007",36.984432
"391","7/24/2007",35.564671
"392","7/25/2007",35.509758
"393","7/26/2007",34.576321
"394","7/27/2007",34.693993
"395","7/30/2007",35.101864
"396","7/31/2007",34.521412
"397","8/1/2007",34.811657
"398","8/2/2007",34.976364
"399","8/3/2007",34.239052
"400","8/6/2007",35.384262
"401","8/7/2007",35.564671
"402","8/8/2007",36.48241
"403","8/9/2007",34.646915
"404","8/10/2007",34.709675
"405","8/13/2007",34.380222
"406","8/14/2007",33.964497
"407","8/15/2007",33.729168
"408","8/16/2007",35.666634
"409","8/17/2007",36.874619
"410","8/20/2007",36.466732
"411","8/21/2007",36.23925
"412","8/22/2007",36.082378
"413","8/23/2007",35.823521
"414","8/24/2007",36.043152
"415","8/27/2007",35.227383
"416","8/28/2007",34.199806
"417","8/29/2007",34.615551
"418","8/30/2007",34.490059
"419","8/31/2007",34.921459
"420","9/4/2007",35.533291
"421","9/5/2007",34.646915
"422","9/6/2007",34.678295
"423","9/7/2007",34.137058
"424","9/10/2007",34.458664
"425","9/11/2007",34.937149
"426","9/12/2007",34.882236
"427","9/13/2007",35.768616
"428","9/14/2007",35.721554
"429","9/17/2007",35.525452
"430","9/18/2007",37.509975
"431","9/19/2007",37.313881
"432","9/20/2007",36.835407
"433","9/21/2007",36.968746
"434","9/24/2007",36.349064
"435","9/25/2007",36.16082
"436","9/26/2007",36.184349
"437","9/27/2007",36.247101
"438","9/28/2007",35.941189
"439","10/1/2007",36.71772
"440","10/2/2007",36.992283
"441","10/3/2007",37.166237
"442","10/4/2007",37.36393
"443","10/5/2007",37.624886
"444","10/8/2007",37.514187
"445","10/9/2007",37.616989
"446","10/10/2007",37.095078
"447","10/11/2007",36.897388
"448","10/12/2007",37.023911
"449","10/15/2007",36.588985
"450","10/16/2007",35.671692
"451","10/17/2007",36.668064
"452","10/18/2007",36.296394
"453","10/19/2007",35.600525
"454","10/22/2007",35.877277
"455","10/23/2007",36.328022
"456","10/24/2007",36.588985
"457","10/25/2007",36.415024
"458","10/26/2007",37.4193
"459","10/29/2007",36.905293
"460","10/30/2007",36.818295
"461","10/31/2007",37.166237
"462","11/1/2007",35.046982
"463","11/2/2007",34.121777
"464","11/5/2007",33.821301
"465","11/6/2007",34.880913
"466","11/7/2007",33.402164
"467","11/8/2007",33.694763
"468","11/9/2007",33.457531
"469","11/12/2007",33.520794
"470","11/13/2007",35.624237
"471","11/14/2007",35.70332
"472","11/15/2007",34.42226
"473","11/16/2007",34.074322
"474","11/19/2007",32.714207
"475","11/20/2007",32.919823
"476","11/21/2007",32.168587
"477","11/23/2007",33.172852
"478","11/26/2007",31.994602
"479","11/27/2007",33.489162
"480","11/28/2007",34.762302
"481","11/29/2007",34.517162
"482","11/30/2007",36.074982
"483","12/3/2007",35.750759
"484","12/4/2007",34.912533
"485","12/5/2007",35.505634
"486","12/6/2007",36.541542
"487","12/7/2007",36.438744
"488","12/10/2007",37.498375
"489","12/11/2007",36.328022
"490","12/12/2007",36.494091
"491","12/13/2007",36.185688
"492","12/14/2007",35.742855
"493","12/17/2007",35.213039
"494","12/18/2007",34.714863
"495","12/19/2007",34.778118
"496","12/20/2007",34.264118
"497","12/21/2007",34.880913
"498","12/24/2007",35.450264
"499","12/26/2007",35.537266
"500","12/27/2007",34.509251
"501","12/28/2007",34.208755
"502","12/31/2007",34.517162
"503","1/2/2008",33.639671
"504","1/3/2008",33.40834
"505","1/4/2008",32.650501
"506","1/7/2008",32.977573
"507","1/8/2008",31.669321
"508","1/9/2008",32.116043
"509","1/10/2008",32.969589
"510","1/11/2008",32.594677
"511","1/14/2008",32.993526
"512","1/15/2008",31.246515
"513","1/16/2008",33.049358
"514","1/17/2008",31.940544
"515","1/18/2008",31.581572
"516","1/22/2008",32.594677
"517","1/23/2008",36.471561
"518","1/24/2008",35.865311
"519","1/25/2008",34.812309
"520","1/28/2008",36.351913
"521","1/29/2008",37.851601
"522","1/30/2008",37.771835
"523","1/31/2008",37.811726
"524","2/1/2008",38.489796
"525","2/4/2008",36.870419
"526","2/5/2008",35.011749
"527","2/6/2008",34.876133
"528","2/7/2008",35.98497
"529","2/8/2008",34.955902
"530","2/11/2008",34.580986
"531","2/12/2008",34.549072
"532","2/13/2008",35.179256
"533","2/14/2008",33.990665
"534","2/15/2008",34.501209
"535","2/19/2008",34.16618
"536","2/20/2008",34.42144
"537","2/21/2008",34.357616
"538","2/22/2008",35.043655
"539","2/25/2008",35.123428
"540","2/26/2008",34.876133
"541","2/27/2008",35.426556
"542","2/28/2008",33.855057
"543","2/29/2008",32.427155
"544","3/3/2008",31.765047
"545","3/4/2008",31.262486
"546","3/5/2008",30.903505
"547","3/6/2008",29.810635
"548","3/7/2008",29.962206
"549","3/10/2008",29.100668
"550","3/11/2008",30.983267
"551","3/12/2008",30.799799
"552","3/13/2008",30.400946
"553","3/14/2008",29.148535
"554","3/17/2008",32.155926
"555","3/18/2008",34.070442
"556","3/19/2008",33.87899
"557","3/20/2008",36.670994
"558","3/24/2008",37.133667
"559","3/25/2008",36.742779
"560","3/26/2008",35.187244
"561","3/27/2008",34.190109
"562","3/28/2008",34.070442
"563","3/31/2008",34.261902
"564","4/1/2008",37.492626
"565","4/2/2008",37.18705
"566","4/3/2008",37.219196
"567","4/4/2008",36.648216
"568","4/7/2008",36.624077
"569","4/8/2008",36.077221
"570","4/9/2008",35.626854
"571","4/10/2008",35.272999
"572","4/11/2008",34.203388
"573","4/14/2008",33.375038
"574","4/15/2008",33.873669
"575","4/16/2008",36.157646
"576","4/17/2008",36.286312
"577","4/18/2008",36.801018
"578","4/21/2008",36.374775
"579","4/22/2008",36.712559
"580","4/23/2008",36.31044
"581","4/24/2008",37.774124
"582","4/25/2008",38.433575
"583","4/28/2008",38.071678
"584","4/29/2008",37.862587
"585","4/30/2008",38.320992
"586","5/1/2008",39.607723
"587","5/2/2008",39.133244
"588","5/5/2008",38.602467
"589","5/6/2008",38.763306
"590","5/7/2008",37.452438
"591","5/8/2008",37.034245
"592","5/9/2008",37.452438
"593","5/12/2008",37.991261
"594","5/13/2008",36.575836
"595","5/14/2008",36.92165
"596","5/15/2008",37.814323
"597","5/16/2008",37.420258
"598","5/19/2008",36.985985
"599","5/20/2008",35.144318
"600","5/21/2008",34.114914
"601","5/22/2008",34.62159
"602","5/23/2008",34.034508
"603","5/27/2008",34.58942
"604","5/28/2008",34.468784
"605","5/29/2008",35.039772
"606","5/30/2008",34.581375
"607","6/2/2008",33.897789
"608","6/3/2008",33.688694
"609","6/4/2008",33.479599
"610","6/5/2008",33.857567
"611","6/6/2008",32.241089
"612","6/9/2008",30.166216
"613","6/10/2008",30.793507
"614","6/11/2008",29.860615
"615","6/12/2008",30.568319
"616","6/13/2008",31.830948
"617","6/16/2008",32.120464
"618","6/17/2008",31.396669
"619","6/18/2008",31.155407
"620","6/19/2008",31.083031
"621","6/20/2008",30.447697
"622","6/23/2008",29.651522
"623","6/24/2008",30.335102
"624","6/25/2008",30.487906
"625","6/26/2008",29.209198
"626","6/27/2008",28.187836
"627","6/30/2008",27.592722
"628","7/1/2008",27.665907
"629","7/2/2008",28.137583
"630","7/3/2008",28.714968
"631","7/7/2008",27.682173
"632","7/8/2008",29.089056
"633","7/9/2008",27.877348
"634","7/10/2008",28.064388
"635","7/11/2008",26.966539
"636","7/14/2008",25.771093
"637","7/15/2008",25.226234
"638","7/16/2008",29.227297
"639","7/17/2008",33.179581
"640","7/18/2008",32.545258
"641","7/21/2008",31.43115
"642","7/22/2008",33.228374
"643","7/23/2008",34.122906
"644","7/24/2008",31.829626
"645","7/25/2008",32.138649
"646","7/28/2008",30.626057
"647","7/29/2008",33.138931
"648","7/30/2008",33.805763
"649","7/31/2008",33.041332
"650","8/1/2008",33.147038
"651","8/4/2008",32.642838
"652","8/5/2008",34.06599
"653","8/6/2008",33.659359
"654","8/7/2008",32.374493
"655","8/8/2008",33.399151
"656","8/11/2008",34.06599
"657","8/12/2008",30.837481
"658","8/13/2008",30.016125
"659","8/14/2008",30.748032
"660","8/15/2008",30.959467
"661","8/18/2008",29.877884
"662","8/19/2008",28.934542
"663","8/20/2008",30.089319
"664","8/21/2008",29.487534
"665","8/22/2008",30.634176
"666","8/25/2008",29.381817
"667","8/26/2008",29.77216
"668","8/27/2008",30.203173
"669","8/28/2008",31.618185
"670","8/29/2008",31.301025
"671","9/2/2008",31.707638
"672","9/3/2008",32.293167
"673","9/4/2008",30.829363
"674","9/5/2008",32.203701
"675","9/8/2008",33.789482
"676","9/9/2008",32.097977
"677","9/10/2008",32.04105
"678","9/11/2008",33.870815
"679","9/12/2008",33.480473
"680","9/15/2008",30.089319
"681","9/16/2008",33.130779
"682","9/17/2008",29.089056
"683","9/18/2008",32.772961
"684","9/19/2008",38.262226
"685","9/22/2008",33.179581
"686","9/23/2008",32.984398
"687","9/24/2008",32.935612
"688","9/25/2008",35.342747
"689","9/26/2008",39.22998
"690","9/29/2008",33.342224
"691","9/30/2008",37.977604
"692","10/1/2008",40.360355
"693","10/2/2008",40.852058
"694","10/3/2008",37.615017
"695","10/6/2008",36.057983
"696","10/7/2008",32.222713
"697","10/8/2008",32.206329
"698","10/9/2008",30.059237
"699","10/10/2008",34.123955
"700","10/13/2008",34.410774
"701","10/14/2008",33.361828
"702","10/15/2008",31.542526
"703","10/16/2008",33.181541
"704","10/17/2008",32.230919
"705","10/20/2008",33.320847
"706","10/21/2008",32.56691
"707","10/22/2008",30.4608
"708","10/23/2008",31.018047
"709","10/24/2008",29.034868
"710","10/27/2008",27.862974
"711","10/28/2008",30.813181
"712","10/29/2008",29.264322
"713","10/30/2008",30.829575
"714","10/31/2008",33.804356
"715","11/3/2008",33.378204
"716","11/4/2008",34.558292
"717","11/5/2008",32.140766
"718","11/6/2008",31.354048
"719","11/7/2008",30.936106
"720","11/10/2008",29.837969
"721","11/11/2008",29.788813
"722","11/12/2008",28.330099
"723","11/13/2008",30.477177
"724","11/14/2008",28.248154
"725","11/17/2008",26.854992
"726","11/18/2008",26.338709
"727","11/19/2008",23.33115
"728","11/20/2008",19.159897
"729","11/21/2008",18.61903
"730","11/24/2008",22.601793
"731","11/25/2008",24.396505
"732","11/26/2008",25.093071
"733","11/28/2008",25.945353
"734","12/1/2008",21.405331
"735","12/2/2008",23.38032
"736","12/3/2008",24.789862
"737","12/4/2008",25.470043
"738","12/5/2008",27.330305
"739","12/8/2008",29.903543
"740","12/9/2008",27.830202
"741","12/10/2008",27.469624
"742","12/11/2008",24.535818
"743","12/12/2008",25.355314
"744","12/15/2008",23.462271
"745","12/16/2008",26.510805
"746","12/17/2008",26.109255
"747","12/18/2008",24.757078
"748","12/19/2008",24.847221
"749","12/22/2008",24.437475
"750","12/23/2008",23.855631
"751","12/24/2008",24.462059
"752","12/26/2008",24.421083
"753","12/29/2008",24.404694
"754","12/30/2008",25.41268
"755","12/31/2008",25.838818
"756","1/2/2009",26.004719
"757","1/5/2009",24.262774
"758","1/6/2009",24.785357
"759","1/7/2009",23.300554
"760","1/8/2009",22.578896
"761","1/9/2009",21.542027
"762","1/12/2009",20.66276
"763","1/13/2009",21.857237
"764","1/14/2009",21.492262
"765","1/15/2009",20.189945
"766","1/16/2009",18.92911
"767","1/20/2009",15.005591
"768","1/21/2009",18.771505
"769","1/22/2009",19.161369
"770","1/23/2009",20.140175
"771","1/26/2009",20.322666
"772","1/27/2009",20.787182
"773","1/28/2009",22.943874
"774","1/29/2009",21.094091
"775","1/30/2009",21.160461
"776","2/2/2009",20.903316
"777","2/3/2009",19.949396
"778","2/4/2009",19.941097
"779","2/5/2009",20.355846
"780","2/6/2009",22.918991
"781","2/9/2009",22.628672
"782","2/10/2009",20.422203
"783","2/11/2009",21.641565
"784","2/12/2009",21.724516
"785","2/13/2009",20.480274
"786","2/17/2009",17.958605
"787","2/18/2009",17.842472
"788","2/19/2009",17.087629
"789","2/20/2009",16.506981
"790","2/23/2009",16.183481
"791","2/24/2009",17.436014
"792","2/25/2009",18.024958
"793","2/26/2009",19.119902
"794","2/27/2009",18.954
"795","3/2/2009",17.552149
"796","3/3/2009",17.427723
"797","3/4/2009",16.009277
"798","3/5/2009",13.769643
"799","3/6/2009",13.21388
"800","3/9/2009",13.188993
"801","3/10/2009",16.175186
"802","3/11/2009",16.921728
"803","3/12/2009",19.244322
"804","3/13/2009",19.700542
"805","3/16/2009",19.153076
"806","3/17/2009",20.85354
"807","3/18/2009",22.487652
"808","3/19/2009",20.695948
"809","3/20/2009",19.202841
"810","3/23/2009",23.939272
"811","3/24/2009",21.89871
"812","3/25/2009",23.690418
"813","3/26/2009",24.138351
"814","3/27/2009",22.728205
"815","3/30/2009",20.612997
"816","3/31/2009",22.048018
"817","4/1/2009",23.342033
"818","4/2/2009",23.4002
"819","4/3/2009",24.330887
"820","4/6/2009",23.433441
"821","4/7/2009",22.644014
"822","4/8/2009",22.793592
"823","4/9/2009",27.214365
"824","4/13/2009",28.003798
"825","4/14/2009",25.510876
"826","4/15/2009",27.056479
"827","4/16/2009",27.621546
"828","4/17/2009",27.638157
"829","4/20/2009",24.671587
"830","4/21/2009",27.031557
"831","4/22/2009",26.508041
"832","4/23/2009",27.596621
"833","4/24/2009",27.737879
"834","4/27/2009",27.239304
"835","4/28/2009",27.247604
"836","4/29/2009",28.651957
"837","4/30/2009",27.422104
"838","5/1/2009",26.998318
"839","5/4/2009",29.740517
"840","5/5/2009",28.934483
"841","5/6/2009",30.928816
"842","5/7/2009",29.283484
"843","5/8/2009",32.358086
"844","5/11/2009",29.773764
"845","5/12/2009",29.3832
"846","5/13/2009",28.294634
"847","5/14/2009",29.532784
"848","5/15/2009",29.009272
"849","5/18/2009",30.962046
"850","5/19/2009",29.757137
"851","5/20/2009",28.710117
"852","5/21/2009",29.000959
"853","5/22/2009",28.593784
"854","5/26/2009",30.363747
"855","5/27/2009",28.801529
"856","5/28/2009",30.455158
"857","5/29/2009",30.662907
"858","6/1/2009",30.006432
"859","6/2/2009",28.668571
"860","6/3/2009",28.236465
"861","6/4/2009",29.374893
"862","6/5/2009",28.710117
"863","6/8/2009",29.408142
"864","6/9/2009",29.300116
"865","6/10/2009",28.951105
"866","6/11/2009",29.034193
"867","6/12/2009",29.192089
"868","6/15/2009",28.253082
"869","6/16/2009",27.837601
"870","6/17/2009",27.197744
"871","6/18/2009",28.394352
"872","6/19/2009",29.084059
"873","6/22/2009",27.314083
"874","6/23/2009",27.895761
"875","6/24/2009",27.80435
"876","6/25/2009",28.369415
"877","6/26/2009",28.627024
"878","6/29/2009",28.751663
"879","6/30/2009",28.344488
"880","7/1/2009",28.103153
"881","7/2/2009",26.85487
"882","7/6/2009",27.129492
"883","7/7/2009",27.304255
"884","7/8/2009",27.221035
"885","7/9/2009",27.978333
"886","7/10/2009",26.913124
"887","7/13/2009",28.885416
"888","7/14/2009",28.87709
"889","7/15/2009",30.175312
"890","7/16/2009",30.067127
"891","7/17/2009",30.699596
"892","7/20/2009",30.774494
"893","7/21/2009",30.741199
"894","7/22/2009",30.649666
"895","7/23/2009",31.748169
"896","7/24/2009",31.556757
"897","7/27/2009",31.731514
"898","7/28/2009",31.689911
"899","7/29/2009",31.431917
"900","7/30/2009",32.014477
"901","7/31/2009",32.164261
"902","8/3/2009",32.954842
"903","8/4/2009",33.462479
"904","8/5/2009",34.769012
"905","8/6/2009",33.911854
"906","8/7/2009",35.25169
"907","8/10/2009",35.526329
"908","8/11/2009",34.31963
"909","8/12/2009",35.126858
"910","8/13/2009",35.701073
"911","8/14/2009",35.326603
"912","8/17/2009",33.89521
"913","8/18/2009",34.702442
"914","8/19/2009",34.461113
"915","8/20/2009",35.301617
"916","8/21/2009",36.333542
"917","8/24/2009",35.792618
"918","8/25/2009",36.266968
"919","8/26/2009",36.033962
"920","8/27/2009",36.158779
"921","8/28/2009",35.71772
"922","8/31/2009",36.167095
"923","9/1/2009",34.677479
"924","9/2/2009",34.003399
"925","9/3/2009",35.04364
"926","9/4/2009",35.235039
"927","9/8/2009",35.401485
"928","9/9/2009",35.667789
"929","9/10/2009",35.800949
"930","9/11/2009",35.368195
"931","9/14/2009",36.408443
"932","9/15/2009",35.94241
"933","9/16/2009",37.157413
"934","9/17/2009",37.415386
"935","9/18/2009",37.407082
"936","9/21/2009",37.074181
"937","9/22/2009",38.672009
"938","9/23/2009",37.498611
"939","9/24/2009",36.9244
"940","9/25/2009",36.325222
"941","9/28/2009",37.290562
"942","9/29/2009",37.348816
"943","9/30/2009",36.466694
"944","10/1/2009",34.427826
"945","10/2/2009",34.877747
"946","10/5/2009",36.494164
"947","10/6/2009",37.419006
"948","10/7/2009",38.07724
"949","10/8/2009",37.74395
"950","10/9/2009",38.202213
"951","10/12/2009",38.393852
"952","10/13/2009",38.043911
"953","10/14/2009",39.293705
"954","10/15/2009",39.293705
"955","10/16/2009",38.377186
"956","10/19/2009",38.310535
"957","10/20/2009",38.352192
"958","10/21/2009",37.202381
"959","10/22/2009",38.085567
"960","10/23/2009",37.685627
"961","10/26/2009",36.510822
"962","10/27/2009",36.577492
"963","10/28/2009",35.560966
"964","10/29/2009",36.952419
"965","10/30/2009",34.802761
"966","11/2/2009",35.477661
"967","11/3/2009",35.577633
"968","11/4/2009",35.169373
"969","11/5/2009",36.552483
"970","11/6/2009",36.227528
"971","11/9/2009",36.952419
"972","11/10/2009",36.802437
"973","11/11/2009",36.927422
"974","11/12/2009",36.07756
"975","11/13/2009",35.744278
"976","11/16/2009",35.860924
"977","11/17/2009",35.960915
"978","11/18/2009",36.144199
"979","11/19/2009",35.452667
"980","11/20/2009",35.377674
"981","11/23/2009",36.060886
"982","11/24/2009",35.394333
"983","11/25/2009",35.127716
"984","11/27/2009",34.436146
"985","11/30/2009",35.40266
"986","12/1/2009",35.177704
"987","12/2/2009",34.936066
"988","12/3/2009",34.49448
"989","12/4/2009",34.777763
"990","12/7/2009",34.369503
"991","12/8/2009",34.336155
"992","12/9/2009",34.319508
"993","12/10/2009",34.386162
"994","12/11/2009",34.12788
"995","12/14/2009",34.802761
"996","12/15/2009",34.044556
"997","12/16/2009",34.461151
"998","12/17/2009",33.552956
"999","12/18/2009",34.119534
"1000","12/21/2009",34.911076
"1001","12/22/2009",34.944401
"1002","12/23/2009",34.627789
"1003","12/24/2009",34.902744
"1004","12/28/2009",34.761097
"1005","12/29/2009",34.569469
"1006","12/30/2009",34.602795
"1007","12/31/2009",34.719433
"1008","1/4/2010",35.745518
"1009","1/5/2010",36.437881
"1010","1/6/2010",36.638103
"1011","1/7/2010",37.363846
"1012","1/8/2010",37.272091
"1013","1/11/2010",37.146957
"1014","1/12/2010",36.2794
"1015","1/13/2010",36.913387
"1016","1/14/2010",37.280437
"1017","1/15/2010",36.437881
"1018","1/19/2010",36.104214
"1019","1/20/2010",36.204323
"1020","1/21/2010",33.818504
"1021","1/22/2010",32.667309
"1022","1/25/2010",32.709011
"1023","1/26/2010",32.066689
"1024","1/27/2010",32.80912
"1025","1/28/2010",32.934258
"1026","1/29/2010",32.483784
"1027","2/1/2010",33.059387
"1028","2/2/2010",33.826843
"1029","2/3/2010",33.609947
"1030","2/4/2010",31.991596
"1031","2/5/2010",31.949892
"1032","2/8/2010",31.449377
"1033","2/9/2010",32.024963
"1034","2/10/2010",32.425381
"1035","2/11/2010",32.550514
"1036","2/12/2010",32.492119
"1037","2/16/2010",33.426434
"1038","2/17/2010",33.401405
"1039","2/18/2010",33.710052
"1040","2/19/2010",33.393066
"1041","2/22/2010",34.077095
"1042","2/23/2010",33.267941
"1043","2/24/2010",34.077095
"1044","2/25/2010",33.901928
"1045","2/26/2010",35.01141
"1046","3/1/2010",34.894627
"1047","3/2/2010",34.719433
"1048","3/3/2010",34.644367
"1049","3/4/2010",34.969707
"1050","3/5/2010",35.712147
"1051","3/8/2010",35.528622
"1052","3/9/2010",35.386795
"1053","3/10/2010",35.812248
"1054","3/11/2010",36.020802
"1055","3/12/2010",35.99577
"1056","3/15/2010",35.929035
"1057","3/16/2010",36.07085
"1058","3/17/2010",36.529659
"1059","3/18/2010",36.404522
"1060","3/19/2010",36.24604
"1061","3/22/2010",36.487942
"1062","3/23/2010",37.188667
"1063","3/24/2010",37.488987
"1064","3/25/2010",37.488987
"1065","3/26/2010",37.555721
"1066","3/29/2010",37.422256
"1067","3/30/2010",37.188667
"1068","3/31/2010",37.330486
"1069","4/1/2010",37.731346
"1070","4/5/2010",37.864971
"1071","4/6/2010",38.282547
"1072","4/7/2010",37.848274
"1073","4/8/2010",38.215729
"1074","4/9/2010",38.399456
"1075","4/12/2010",38.533085
"1076","4/13/2010",38.30759
"1077","4/14/2010",39.860947
"1078","4/15/2010",39.927757
"1079","4/16/2010",38.040348
"1080","4/19/2010",37.906731
"1081","4/20/2010",38.315948
"1082","4/21/2010",37.873322
"1083","4/22/2010",37.363888
"1084","4/23/2010",37.530926
"1085","4/26/2010",36.654022
"1086","4/27/2010",35.418034
"1087","4/28/2010",36.294918
"1088","4/29/2010",36.745892
"1089","4/30/2010",35.560005
"1090","5/3/2010",36.353382
"1091","5/4/2010",35.46814
"1092","5/5/2010",35.601768
"1093","5/6/2010",34.081814
"1094","5/7/2010",34.040054
"1095","5/10/2010",35.033863
"1096","5/11/2010",34.69981
"1097","5/12/2010",34.816738
"1098","5/13/2010",34.081814
"1099","5/14/2010",33.313488
"1100","5/17/2010",33.271744
"1101","5/18/2010",32.586926
"1102","5/19/2010",32.887573
"1103","5/20/2010",31.593119
"1104","5/21/2010",33.447113
"1105","5/24/2010",32.252876
"1106","5/25/2010",32.520119
"1107","5/26/2010",32.386497
"1108","5/27/2010",33.756115
"1109","5/28/2010",33.054607
"1110","6/1/2010",32.186069
"1111","6/2/2010",33.02956
"1112","6/3/2010",32.653732
"1113","6/4/2010",31.417742
"1114","6/7/2010",30.666124
"1115","6/8/2010",31.551361
"1116","6/9/2010",31.000175
"1117","6/10/2010",31.977287
"1118","6/11/2010",31.810251
"1119","6/14/2010",31.175552
"1120","6/15/2010",31.943878
"1121","6/16/2010",32.169361
"1122","6/17/2010",32.102551
"1123","6/18/2010",32.720551
"1124","6/21/2010",32.461655
"1125","6/22/2010",32.010693
"1126","6/23/2010",32.478352
"1127","6/24/2010",31.760147
"1128","6/25/2010",32.937679
"1129","6/28/2010",32.186069
"1130","6/29/2010",30.950058
"1131","6/30/2010",30.574249
"1132","7/1/2010",30.172831
"1133","7/2/2010",29.963766
"1134","7/6/2010",30.381908
"1135","7/7/2010",31.903936
"1136","7/8/2010",31.912302
"1137","7/9/2010",32.489323
"1138","7/12/2010",32.773663
"1139","7/13/2010",33.852463
"1140","7/14/2010",33.743748
"1141","7/15/2010",33.835732
"1142","7/16/2010",32.614765
"1143","7/19/2010",32.648224
"1144","7/20/2010",33.141628
"1145","7/21/2010",32.129726
"1146","7/22/2010",32.907463
"1147","7/23/2010",33.308887
"1148","7/26/2010",33.727024
"1149","7/27/2010",34.02808
"1150","7/28/2010",33.718647
"1151","7/29/2010",33.626663
"1152","7/30/2010",33.685207
"1153","8/2/2010",34.822536
"1154","8/3/2010",34.354218
"1155","8/4/2010",34.529846
"1156","8/5/2010",34.513111
"1157","8/6/2010",33.819004
"1158","8/9/2010",33.300514
"1159","8/10/2010",32.756927
"1160","8/11/2010",31.586149
"1161","8/12/2010",31.619591
"1162","8/13/2010",31.360348
"1163","8/16/2010",31.519239
"1164","8/17/2010",31.343628
"1165","8/18/2010",31.686499
"1166","8/19/2010",31.000757
"1167","8/20/2010",31.059299
"1168","8/23/2010",30.841858
"1169","8/24/2010",30.281559
"1170","8/25/2010",30.298292
"1171","8/26/2010",29.79652
"1172","8/27/2010",30.607702
"1173","8/30/2010",29.980494
"1174","8/31/2010",30.406996
"1175","9/1/2010",31.561068
"1176","9/2/2010",31.912302
"1177","9/3/2010",32.756927
"1178","9/7/2010",32.012642
"1179","9/8/2010",32.715118
"1180","9/9/2010",33.534664
"1181","9/10/2010",33.250324
"1182","9/13/2010",34.387669
"1183","9/14/2010",34.053169
"1184","9/15/2010",34.270599
"1185","9/16/2010",34.278965
"1186","9/17/2010",33.501228
"1187","9/20/2010",34.446217
"1188","9/21/2010",33.944447
"1189","9/22/2010",33.400864
"1190","9/23/2010",32.698402
"1191","9/24/2010",33.241978
"1192","9/27/2010",32.681667
"1193","9/28/2010",32.572952
"1194","9/29/2010",32.121357
"1195","9/30/2010",31.828674
"1196","10/1/2010",32.455883
"1197","10/4/2010",32.614975
"1198","10/5/2010",33.192753
"1199","10/6/2010",33.410458
"1200","10/7/2010",33.092262
"1201","10/8/2010",32.916428
"1202","10/11/2010",33.268108
"1203","10/12/2010",33.829132
"1204","10/13/2010",33.360207
"1205","10/14/2010",32.422379
"1206","10/15/2010",31.107738
"1207","10/18/2010",31.98695
"1208","10/19/2010",31.559902
"1209","10/20/2010",31.903219
"1210","10/21/2010",31.568289
"1211","10/22/2010",31.568289
"1212","10/25/2010",31.040743
"1213","10/26/2010",31.149599
"1214","10/27/2010",31.434305
"1215","10/28/2010",31.409178
"1216","10/29/2010",31.509665
"1217","11/1/2010",31.333818
"1218","11/2/2010",30.948648
"1219","11/3/2010",31.585032
"1220","11/4/2010",33.326725
"1221","11/5/2010",34.281311
"1222","11/8/2010",33.921242
"1223","11/9/2010",33.410458
"1224","11/10/2010",34.013355
"1225","11/11/2010",33.510933
"1226","11/12/2010",33.167618
"1227","11/15/2010",33.56118
"1228","11/16/2010",33.167618
"1229","11/17/2010",32.80756
"1230","11/18/2010",33.209492
"1231","11/19/2010",33.00016
"1232","11/22/2010",32.246532
"1233","11/23/2010",31.509665
"1234","11/24/2010",31.953453
"1235","11/26/2010",31.400803
"1236","11/29/2010",31.744122
"1237","11/30/2010",31.317068
"1238","12/1/2010",31.945089
"1239","12/2/2010",32.916428
"1240","12/3/2010",33.167618
"1241","12/6/2010",33.410458
"1242","12/7/2010",32.86618
"1243","12/8/2010",33.711914
"1244","12/9/2010",34.172459
"1245","12/10/2010",34.69162
"1246","12/13/2010",34.758606
"1247","12/14/2010",34.15572
"1248","12/15/2010",33.670036
"1249","12/16/2010",33.502563
"1250","12/17/2010",33.217873
"1251","12/20/2010",33.452332
"1252","12/21/2010",34.331551
"1253","12/22/2010",35.302883
"1254","12/23/2010",35.235897
"1255","12/27/2010",35.729939
"1256","12/28/2010",35.679695
"1257","12/29/2010",35.470364
"1258","12/30/2010",35.361488
"1259","12/31/2010",35.520603
"1260","1/3/2011",36.491928
"1261","1/4/2011",37.020065
"1262","1/5/2011",37.472759
"1263","1/6/2011",37.28833
"1264","1/7/2011",36.584145
"1265","1/10/2011",36.382938
"1266","1/11/2011",36.550606
"1267","1/12/2011",37.481152
"1268","1/13/2011",37.263176
"1269","1/14/2011",37.6488
"1270","1/18/2011",37.514679
"1271","1/19/2011",36.642822
"1272","1/20/2011",37.514679
"1273","1/21/2011",37.967365
"1274","1/24/2011",37.741028
"1275","1/25/2011",37.615273
"1276","1/26/2011",37.707489
"1277","1/27/2011",37.808086
"1278","1/28/2011",37.338634
"1279","1/31/2011",37.67395
"1280","2/1/2011",38.503887
"1281","2/2/2011",38.101498
"1282","2/3/2011",38.109879
"1283","2/4/2011",37.380554
"1284","2/7/2011",38.143417
"1285","2/8/2011",38.344616
"1286","2/9/2011",37.816475
"1287","2/10/2011",38.168556
"1288","2/11/2011",39.040417
"1289","2/14/2011",39.015266
"1290","2/15/2011",39.249996
"1291","2/16/2011",40.188892
"1292","2/17/2011",40.088306
"1293","2/18/2011",40.239208
"1294","2/22/2011",38.570953
"1295","2/23/2011",38.529041
"1296","2/24/2011",38.487122
"1297","2/25/2011",39.132629
"1298","2/28/2011",39.140991
"1299","3/1/2011",38.227249
"1300","3/2/2011",37.900295
"1301","3/3/2011",38.629642
"1302","3/4/2011",38.160179
"1303","3/7/2011",37.883526
"1304","3/8/2011",38.8979
"1305","3/9/2011",39.032024
"1306","3/10/2011",38.168556
"1307","3/11/2011",38.344616
"1308","3/14/2011",37.975754
"1309","3/15/2011",37.397305
"1310","3/16/2011",36.726658
"1311","3/17/2011",37.355392
"1312","3/18/2011",38.344616
"1313","3/21/2011",38.252396
"1314","3/22/2011",38.118259
"1315","3/23/2011",38.227249
"1316","3/24/2011",38.336224
"1317","3/25/2011",38.44521
"1318","3/28/2011",38.529041
"1319","3/29/2011",38.579334
"1320","3/30/2011",38.939812
"1321","3/31/2011",38.646397
"1322","4/1/2011",38.855984
"1323","4/4/2011",39.058273
"1324","4/5/2011",39.260555
"1325","4/6/2011",40.153988
"1326","4/7/2011",39.951702
"1327","4/8/2011",39.479702
"1328","4/11/2011",39.496563
"1329","4/12/2011",39.311138
"1330","4/13/2011",38.982422
"1331","4/14/2011",37.903549
"1332","4/15/2011",37.836121
"1333","4/18/2011",37.052261
"1334","4/19/2011",37.633831
"1335","4/20/2011",37.557964
"1336","4/21/2011",37.659122
"1337","4/25/2011",37.600113
"1338","4/26/2011",38.029972
"1339","4/27/2011",38.350258
"1340","4/28/2011",38.645267
"1341","4/29/2011",38.459835
"1342","5/2/2011",38.080544
"1343","5/3/2011",38.704266
"1344","5/4/2011",38.350258
"1345","5/5/2011",38.072113
"1346","5/6/2011",37.962551
"1347","5/9/2011",37.895119
"1348","5/10/2011",38.063694
"1349","5/11/2011",37.279831
"1350","5/12/2011",37.161831
"1351","5/13/2011",36.369537
"1352","5/16/2011",36.14196
"1353","5/17/2011",36.925827
"1354","5/18/2011",37.153408
"1355","5/19/2011",37.085968
"1356","5/20/2011",36.352676
"1357","5/23/2011",35.863819
"1358","5/24/2011",35.686817
"1359","5/25/2011",35.627811
"1360","5/26/2011",35.77953
"1361","5/27/2011",36.066109
"1362","5/31/2011",36.445389
"1363","6/1/2011",35.197956
"1364","6/2/2011",35.071522
"1365","6/3/2011",35.037819
"1366","6/6/2011",34.161236
"1367","6/7/2011",34.321381
"1368","6/8/2011",34.043224
"1369","6/9/2011",34.540524
"1370","6/10/2011",34.599522
"1371","6/13/2011",35.122097
"1372","6/14/2011",35.071522
"1373","6/15/2011",34.287663
"1374","6/16/2011",34.017948
"1375","6/17/2011",34.388805
"1376","6/20/2011",34.119095
"1377","6/21/2011",34.481522
"1378","6/22/2011",34.296085
"1379","6/23/2011",33.773514
"1380","6/24/2011",33.284657
"1381","6/27/2011",33.613384
"1382","6/28/2011",33.326805
"1383","6/29/2011",34.093803
"1384","6/30/2011",34.506805
"1385","7/1/2011",35.261566
"1386","7/5/2011",34.795147
"1387","7/6/2011",34.396564
"1388","7/7/2011",35.041077
"1389","7/8/2011",34.54921
"1390","7/11/2011",33.438274
"1391","7/12/2011",33.404362
"1392","7/13/2011",33.599396
"1393","7/14/2011",34.218472
"1394","7/15/2011",33.904694
"1395","7/18/2011",33.777489
"1396","7/19/2011",34.252388
"1397","7/20/2011",34.735779
"1398","7/21/2011",35.863682
"1399","7/22/2011",35.778862
"1400","7/25/2011",35.354851
"1401","7/26/2011",35.142834
"1402","7/27/2011",34.489845
"1403","7/28/2011",34.498337
"1404","7/29/2011",34.303276
"1405","8/1/2011",34.294792
"1406","8/2/2011",33.785973
"1407","8/3/2011",33.836849
"1408","8/4/2011",32.157742
"1409","8/5/2011",31.886364
"1410","8/8/2011",28.884293
"1411","8/9/2011",30.868715
"1412","8/10/2011",29.147182
"1413","8/11/2011",31.114645
"1414","8/12/2011",30.453169
"1415","8/15/2011",31.275776
"1416","8/16/2011",30.554943
"1417","8/17/2011",31.012878
"1418","8/18/2011",29.842577
"1419","8/19/2011",29.130222
"1420","8/22/2011",28.333069
"1421","8/23/2011",29.494883
"1422","8/24/2011",30.385326
"1423","8/25/2011",30.292046
"1424","8/26/2011",30.707581
"1425","8/29/2011",31.92028
"1426","8/30/2011",31.428415
"1427","8/31/2011",31.85244
"1428","9/1/2011",30.783903
"1429","9/2/2011",29.367683
"1430","9/6/2011",28.358505
"1431","9/7/2011",29.528807
"1432","9/8/2011",28.41787
"1433","9/9/2011",27.205175
"1434","9/12/2011",27.493502
"1435","9/13/2011",27.552868
"1436","9/14/2011",27.815758
"1437","9/15/2011",28.672289
"1438","9/16/2011",28.350025
"1439","9/19/2011",27.552868
"1440","9/20/2011",27.349342
"1441","9/21/2011",25.729582
"1442","9/22/2011",24.822172
"1443","9/23/2011",25.093546
"1444","9/26/2011",26.840517
"1445","9/27/2011",26.772669
"1446","9/28/2011",25.839819
"1447","9/29/2011",26.620014
"1448","9/30/2011",25.543007
"1449","10/3/2011",24.296389
"1450","10/4/2011",25.887632
"1451","10/5/2011",26.383825
"1452","10/6/2011",27.701305
"1453","10/7/2011",26.264059
"1454","10/10/2011",27.63286
"1455","10/11/2011",27.63286
"1456","10/12/2011",28.402822
"1457","10/13/2011",27.03401
"1458","10/14/2011",27.282104
"1459","10/17/2011",26.55493
"1460","10/18/2011",28.120499
"1461","10/19/2011",27.590086
"1462","10/20/2011",28.342937
"1463","10/21/2011",28.591036
"1464","10/24/2011",29.574871
"1465","10/25/2011",28.650915
"1466","10/26/2011",29.241219
"1467","10/27/2011",31.670855
"1468","10/28/2011",31.388536
"1469","10/31/2011",29.737408
"1470","11/1/2011",27.983624
"1471","11/2/2011",28.779245
"1472","11/3/2011",29.412321
"1473","11/4/2011",29.061562
"1474","11/7/2011",29.292549
"1475","11/8/2011",29.959846
"1476","11/9/2011",27.838182
"1477","11/10/2011",28.009295
"1478","11/11/2011",28.47126
"1479","11/14/2011",27.846741
"1480","11/15/2011",27.975069
"1481","11/16/2011",26.922792
"1482","11/17/2011",26.0844
"1483","11/18/2011",26.195612
"1484","11/21/2011",25.588205
"1485","11/22/2011",25.16045
"1486","11/23/2011",24.279276
"1487","11/25/2011",24.36483
"1488","11/28/2011",24.946573
"1489","11/29/2011",24.433271
"1490","11/30/2011",26.495039
"1491","12/1/2011",26.058727
"1492","12/2/2011",27.658531
"1493","12/5/2011",28.668022
"1494","12/6/2011",28.42849
"1495","12/7/2011",29.087227
"1496","12/8/2011",27.564426
"1497","12/9/2011",28.385706
"1498","12/12/2011",27.410433
"1499","12/13/2011",26.768803
"1500","12/14/2011",26.957016
"1501","12/15/2011",27.170891
"1502","12/16/2011",27.282104
"1503","12/19/2011",26.264059
"1504","12/20/2011",27.555862
"1505","12/21/2011",27.649973
"1506","12/22/2011",28.616701
"1507","12/23/2011",28.719357
"1508","12/27/2011",28.257383
"1509","12/28/2011",27.932297
"1510","12/29/2011",28.591036
"1511","12/30/2011",28.445591
"1512","1/3/2012",29.925617
"1513","1/4/2012",30.115194
"1514","1/5/2012",30.744202
"1515","1/6/2012",30.468477
"1516","1/9/2012",30.416773
"1517","1/10/2012",31.063025
"1518","1/11/2012",31.588634
"1519","1/12/2012",31.752352
"1520","1/13/2012",30.951004
"1521","1/17/2012",30.080725
"1522","1/18/2012",31.485235
"1523","1/19/2012",31.821278
"1524","1/20/2012",32.191803
"1525","1/23/2012",32.450302
"1526","1/24/2012",32.450302
"1527","1/25/2012",32.398598
"1528","1/26/2012",32.303818
"1529","1/27/2012",32.06255
"1530","1/30/2012",31.890219
"1531","1/31/2012",32.140095
"1532","2/1/2012",32.398598
"1533","2/2/2012",32.355507
"1534","2/3/2012",32.984531
"1535","2/6/2012",32.863903
"1536","2/7/2012",32.631248
"1537","2/8/2012",33.00177
"1538","2/9/2012",32.622635
"1539","2/10/2012",32.407219
"1540","2/13/2012",33.00177
"1541","2/14/2012",32.674332
"1542","2/15/2012",32.226273
"1543","2/16/2012",32.743263
"1544","2/17/2012",33.148251
"1545","2/21/2012",33.139637
"1546","2/22/2012",32.803581
"1547","2/23/2012",33.165489
"1548","2/24/2012",32.984531
"1549","2/27/2012",33.656628
"1550","2/28/2012",33.785877
"1551","2/29/2012",33.811741
"1552","3/1/2012",34.785412
"1553","3/2/2012",35.009441
"1554","3/5/2012",34.811264
"1555","3/6/2012",33.880669
"1556","3/7/2012",34.423515
"1557","3/8/2012",34.845726
"1558","3/9/2012",35.354115
"1559","3/12/2012",34.931904
"1560","3/13/2012",37.38763
"1561","3/14/2012",37.551361
"1562","3/15/2012",38.516426
"1563","3/16/2012",38.404408
"1564","3/19/2012",38.774918
"1565","3/20/2012",39.10236
"1566","3/21/2012",38.878319
"1567","3/22/2012",38.473347
"1568","3/23/2012",38.912788
"1569","3/26/2012",39.78307
"1570","3/27/2012",39.541801
"1571","3/28/2012",39.869228
"1572","3/29/2012",39.352242
"1573","3/30/2012",39.619354
"1574","4/2/2012",39.748611
"1575","4/3/2012",39.393002
"1576","4/4/2012",38.517029
"1577","4/5/2012",38.456314
"1578","4/9/2012",38.066025
"1579","4/10/2012",37.259434
"1580","4/11/2012",38.170116
"1581","4/12/2012",38.889973
"1582","4/13/2012",37.476261
"1583","4/16/2012",37.580345
"1584","4/17/2012",38.074703
"1585","4/18/2012",37.54565
"1586","4/19/2012",37.484936
"1587","4/20/2012",37.051281
"1588","4/23/2012",37.16404
"1589","4/24/2012",37.536972
"1590","4/25/2012",37.432892
"1591","4/26/2012",37.987965
"1592","4/27/2012",37.589008
"1593","4/30/2012",37.276779
"1594","5/1/2012",37.979298
"1595","5/2/2012",37.467602
"1596","5/3/2012",37.302799
"1597","5/4/2012",36.209999
"1598","5/7/2012",36.236015
"1599","5/8/2012",35.889088
"1600","5/9/2012",35.247284
"1601","5/10/2012",35.334019
"1602","5/11/2012",32.055603
"1603","5/14/2012",31.040859
"1604","5/15/2012",31.43115
"1605","5/16/2012",30.754639
"1606","5/17/2012",29.42767
"1607","5/18/2012",29.046062
"1608","5/21/2012",28.196095
"1609","5/22/2012",29.497046
"1610","5/23/2012",29.713881
"1611","5/24/2012",29.462362
"1612","5/25/2012",29.054728
"1613","5/29/2012",29.167482
"1614","5/30/2012",28.586388
"1615","5/31/2012",28.751175
"1616","6/1/2012",27.693058
"1617","6/4/2012",26.886467
"1618","6/5/2012",27.745092
"1619","6/6/2012",28.681782
"1620","6/7/2012",28.456289
"1621","6/8/2012",29.21084
"1622","6/11/2012",28.464962
"1623","6/12/2012",29.288904
"1624","6/13/2012",29.748575
"1625","6/14/2012",30.05213
"1626","6/15/2012",30.381701
"1627","6/18/2012",30.02611
"1628","6/19/2012",30.685261
"1629","6/20/2012",31.613277
"1630","6/21/2012",30.798008
"1631","6/22/2012",31.214317
"1632","6/25/2012",30.633223
"1633","6/26/2012",30.971468
"1634","6/27/2012",31.89949
"1635","6/28/2012",31.118914
"1636","6/29/2012",30.988815
"1637","7/2/2012",31.46583
"1638","7/3/2012",31.378387
"1639","7/5/2012",30.066574
"1640","7/6/2012",29.646801
"1641","7/9/2012",29.69927
"1642","7/10/2012",29.95289
"1643","7/11/2012",30.250231
"1644","7/12/2012",29.769238
"1645","7/13/2012",31.544546
"1646","7/16/2012",30.68749
"1647","7/17/2012",30.600048
"1648","7/18/2012",30.573807
"1649","7/19/2012",30.136536
"1650","7/20/2012",29.646801
"1651","7/23/2012",30.119051
"1652","7/24/2012",30.372665
"1653","7/25/2012",30.757454
"1654","7/26/2012",31.31716
"1655","7/27/2012",32.261669
"1656","7/30/2012",31.605757
"1657","7/31/2012",31.483326
"1658","8/1/2012",31.483326
"1659","8/2/2012",30.757454
"1660","8/3/2012",31.562035
"1661","8/6/2012",31.745684
"1662","8/7/2012",32.366596
"1663","8/8/2012",32.497791
"1664","8/9/2012",32.287899
"1665","8/10/2012",32.331627
"1666","8/13/2012",32.349121
"1667","8/14/2012",32.445316
"1668","8/15/2012",32.419079
"1669","8/16/2012",32.445316
"1670","8/17/2012",32.340366
"1671","8/20/2012",32.681435
"1672","8/21/2012",33.267387
"1673","8/22/2012",33.083714
"1674","8/23/2012",32.55901
"1675","8/24/2012",32.506538
"1676","8/27/2012",32.55901
"1677","8/28/2012",32.471554
"1678","8/29/2012",32.620224
"1679","8/30/2012",32.270412
"1680","8/31/2012",32.480301
"1681","9/4/2012",32.366596
"1682","9/5/2012",32.45406
"1683","9/6/2012",33.835831
"1684","9/7/2012",34.369301
"1685","9/10/2012",33.897045
"1686","9/11/2012",34.631664
"1687","9/12/2012",34.911499
"1688","9/13/2012",36.205818
"1689","9/14/2012",36.354507
"1690","9/17/2012",36.022167
"1691","9/18/2012",36.083382
"1692","9/19/2012",36.153355
"1693","9/20/2012",36.07465
"1694","9/21/2012",35.751068
"1695","9/24/2012",36.057156
"1696","9/25/2012",35.462467
"1697","9/26/2012",35.191364
"1698","9/27/2012",35.576157
"1699","9/28/2012",35.401249
"1700","10/1/2012",35.829781
"1701","10/2/2012",35.786045
"1702","10/3/2012",35.997486
"1703","10/4/2012",36.843239
"1704","10/5/2012",36.746342
"1705","10/8/2012",36.702282
"1706","10/9/2012",36.455593
"1707","10/10/2012",36.799194
"1708","10/11/2012",37.089928
"1709","10/12/2012",36.667049
"1710","10/15/2012",37.336601
"1711","10/16/2012",37.733055
"1712","10/17/2012",38.164726
"1713","10/18/2012",37.891624
"1714","10/19/2012",37.283741
"1715","10/22/2012",37.081112
"1716","10/23/2012",36.411552
"1717","10/24/2012",36.746342
"1718","10/25/2012",36.71109
"1719","10/26/2012",36.261787
"1720","10/31/2012",36.719898
"1721","11/1/2012",37.741856
"1722","11/2/2012",37.371838
"1723","11/5/2012",37.239693
"1724","11/6/2012",37.777096
"1725","11/7/2012",35.662708
"1726","11/8/2012",35.592236
"1727","11/9/2012",35.786045
"1728","11/12/2012",35.750813
"1729","11/13/2012",35.275074
"1730","11/14/2012",34.614326
"1731","11/15/2012",34.702423
"1732","11/16/2012",34.825764
"1733","11/19/2012",35.759613
"1734","11/20/2012",35.856529
"1735","11/21/2012",35.882957
"1736","11/23/2012",36.200115
"1737","11/26/2012",36.015121
"1738","11/27/2012",35.900578
"1739","11/28/2012",35.97105
"1740","11/29/2012",36.31464
"1741","11/30/2012",36.191307
"1742","12/3/2012",35.953442
"1743","12/4/2012",35.741997
"1744","12/5/2012",36.297028
"1745","12/6/2012",36.534893
"1746","12/7/2012",37.495178
"1747","12/10/2012",37.274933
"1748","12/11/2012",37.565655
"1749","12/12/2012",37.680195
"1750","12/13/2012",37.688992
"1751","12/14/2012",37.715435
"1752","12/17/2012",38.305695
"1753","12/18/2012",38.649284
"1754","12/19/2012",38.349747
"1755","12/20/2012",39.230736
"1756","12/21/2012",38.763817
"1757","12/24/2012",38.693333
"1758","12/26/2012",38.728577
"1759","12/27/2012",38.437843
"1760","12/28/2012",38.094261
"1761","12/31/2012",38.737389
"1762","1/2/2013",39.615559
"1763","1/3/2013",39.535721
"1764","1/4/2013",40.236496
"1765","1/7/2013",40.280842
"1766","1/8/2013",40.360683
"1767","1/9/2013",40.334068
"1768","1/10/2013",40.93726
"1769","1/11/2013",40.928387
"1770","1/14/2013",40.697758
"1771","1/15/2013",41.114662
"1772","1/16/2013",41.53159
"1773","1/17/2013",41.194508
"1774","1/18/2013",41.212257
"1775","1/22/2013",41.283207
"1776","1/23/2013",41.008217
"1777","1/24/2013",41.132412
"1778","1/25/2013",41.833183
"1779","1/28/2013",41.371914
"1780","1/29/2013",41.797695
"1781","1/30/2013",41.806568
"1782","1/31/2013",41.735603
"1783","2/1/2013",42.44524
"1784","2/4/2013",42.294441
"1785","2/5/2013",43.279072
"1786","2/6/2013",43.119404
"1787","2/7/2013",42.782326
"1788","2/8/2013",43.137142
"1789","2/11/2013",43.163754
"1790","2/12/2013",43.589542
"1791","2/13/2013",43.181496
"1792","2/14/2013",43.660507
"1793","2/15/2013",43.358894
"1794","2/19/2013",43.864517
"1795","2/20/2013",43.119404
"1796","2/21/2013",42.800064
"1797","2/22/2013",43.385509
"1798","2/25/2013",42.312195
"1799","2/26/2013",42.223488
"1800","2/27/2013",43.713718
"1801","2/28/2013",43.394386
"1802","3/1/2013",43.385509
"1803","3/4/2013",43.554054
"1804","3/5/2013",43.900005
"1805","3/6/2013",44.379002
"1806","3/7/2013",44.911236
"1807","3/8/2013",44.529812
"1808","3/11/2013",44.778183
"1809","3/12/2013",44.600765
"1810","3/13/2013",44.494331
"1811","3/14/2013",45.239452
"1812","3/15/2013",44.370132
"1813","3/18/2013",43.917744
"1814","3/19/2013",43.642754
"1815","3/20/2013",43.571793
"1816","3/21/2013",42.888763
"1817","3/22/2013",43.270199
"1818","3/25/2013",43.039577
"1819","3/26/2013",43.146015
"1820","3/27/2013",42.374279
"1821","3/28/2013",42.099293
"1822","4/1/2013",42.427509
"1823","4/2/2013",42.826672
"1824","4/3/2013",41.818043
"1825","4/4/2013",42.389305
"1826","4/5/2013",42.764194
"1827","4/8/2013",43.362228
"1828","4/9/2013",43.451488
"1829","4/10/2013",43.960262
"1830","4/11/2013",44.013821
"1831","4/12/2013",43.746044
"1832","4/15/2013",42.782051
"1833","4/16/2013",43.281898
"1834","4/17/2013",41.764484
"1835","4/18/2013",41.6306
"1836","4/19/2013",42.157223
"1837","4/22/2013",42.264343
"1838","4/23/2013",42.996269
"1839","4/24/2013",43.48719
"1840","4/25/2013",43.737118
"1841","4/26/2013",43.630013
"1842","4/29/2013",43.66571
"1843","4/30/2013",43.746044
"1844","5/1/2013",42.853455
"1845","5/2/2013",42.915928
"1846","5/3/2013",42.460705
"1847","5/6/2013",43.005192
"1848","5/7/2013",43.86208
"1849","5/8/2013",44.415493
"1850","5/9/2013",43.772827
"1851","5/10/2013",43.701416
"1852","5/13/2013",44.335152
"1853","5/14/2013",44.835011
"1854","5/15/2013",45.602634
"1855","5/16/2013",45.495525
"1856","5/17/2013",46.682674
"1857","5/20/2013",46.673748
"1858","5/21/2013",47.325352
"1859","5/22/2013",47.869831
"1860","5/23/2013",47.619904
"1861","5/24/2013",47.896603
"1862","5/28/2013",48.735649
"1863","5/29/2013",48.798126
"1864","5/30/2013",49.646095
"1865","5/31/2013",48.726715
"1866","6/3/2013",48.637463
"1867","6/4/2013",48.235794
"1868","6/5/2013",47.334278
"1869","6/6/2013",47.753796
"1870","6/7/2013",48.441086
"1871","6/10/2013",48.521427
"1872","6/11/2013",47.744877
"1873","6/12/2013",47.468166
"1874","6/13/2013",48.35183
"1875","6/14/2013",47.423531
"1876","6/17/2013",48.066196
"1877","6/18/2013",48.298275
"1878","6/19/2013",47.798428
"1879","6/20/2013",46.843346
"1880","6/21/2013",46.379196
"1881","6/24/2013",45.450901
"1882","6/25/2013",46.486317
"1883","6/26/2013",46.861195
"1884","6/27/2013",47.441391
"1885","6/28/2013",47.120056
"1886","7/1/2013",46.852268
"1887","7/2/2013",47.472656
"1888","7/3/2013",47.445675
"1889","7/5/2013",48.542599
"1890","7/8/2013",49.180946
"1891","7/9/2013",49.35178
"1892","7/10/2013",49.297836
"1893","7/11/2013",49.576557
"1894","7/12/2013",49.42371
"1895","7/15/2013",49.35178
"1896","7/16/2013",49.459675
"1897","7/17/2013",49.693447
"1898","7/18/2013",50.682457
"1899","7/19/2013",50.493637
"1900","7/22/2013",50.853287
"1901","7/23/2013",50.95219
"1902","7/24/2013",50.916222
"1903","7/25/2013",50.799339
"1904","7/26/2013",50.394733
"1905","7/29/2013",50.07106
"1906","7/30/2013",49.747391
"1907","7/31/2013",50.107021
"1908","8/1/2013",50.835308
"1909","8/2/2013",50.790352
"1910","8/5/2013",50.439686
"1911","8/6/2013",49.891243
"1912","8/7/2013",49.720409
"1913","8/8/2013",49.297836
"1914","8/9/2013",49.019108
"1915","8/12/2013",48.632496
"1916","8/13/2013",48.812313
"1917","8/14/2013",48.686443
"1918","8/15/2013",47.913219
"1919","8/16/2013",47.913219
"1920","8/19/2013",46.600521
"1921","8/20/2013",46.861263
"1922","8/21/2013",46.4207
"1923","8/22/2013",46.942177
"1924","8/23/2013",47.041084
"1925","8/26/2013",46.573559
"1926","8/27/2013",45.494629
"1927","8/28/2013",45.47665
"1928","8/29/2013",45.584541
"1929","8/30/2013",45.431686
"1930","9/3/2013",45.971161
"1931","9/4/2013",46.636486
"1932","9/5/2013",46.852268
"1933","9/6/2013",47.256874
"1934","9/9/2013",47.5266
"1935","9/10/2013",48.254875
"1936","9/11/2013",47.886246
"1937","9/12/2013",46.969158
"1938","9/13/2013",47.283844
"1939","9/16/2013",47.778355
"1940","9/17/2013",47.733395
"1941","9/18/2013",48.021118
"1942","9/19/2013",47.4277
"1943","9/20/2013",47.472656
"1944","9/23/2013",46.267853
"1945","9/24/2013",45.242874
"1946","9/25/2013",46.483646
"1947","9/26/2013",46.654472
"1948","9/27/2013",46.969158
"1949","9/30/2013",46.474655
"1950","10/1/2013",46.717407
"1951","10/2/2013",47.179325
"1952","10/3/2013",47.043468
"1953","10/4/2013",47.704651
"1954","10/7/2013",46.943844
"1955","10/8/2013",46.074345
"1956","10/9/2013",45.96566
"1957","10/10/2013",47.56879
"1958","10/11/2013",47.559727
"1959","10/14/2013",47.740879
"1960","10/15/2013",47.378593
"1961","10/16/2013",48.909267
"1962","10/17/2013",49.099472
"1963","10/18/2013",49.180984
"1964","10/21/2013",49.153812
"1965","10/22/2013",48.565086
"1966","10/23/2013",47.777111
"1967","10/24/2013",47.532551
"1968","10/25/2013",47.795223
"1969","10/28/2013",47.713707
"1970","10/29/2013",47.758991
"1971","10/30/2013",47.641251
"1972","10/31/2013",46.681179
"1973","11/1/2013",47.559727
"1974","11/4/2013",47.134041
"1975","11/5/2013",47.052521
"1976","11/6/2013",47.188381
"1977","11/7/2013",46.780807
"1978","11/8/2013",48.873039
"1979","11/11/2013",48.99984
"1980","11/12/2013",48.882095
"1981","11/13/2013",49.036068
"1982","11/14/2013",49.271564
"1983","11/15/2013",49.697258
"1984","11/18/2013",50.485233
"1985","11/19/2013",50.856583
"1986","11/20/2013",50.811295
"1987","11/21/2013",51.82571
"1988","11/22/2013",52.043083
"1989","11/25/2013",52.215172
"1990","11/26/2013",51.780418
"1991","11/27/2013",52.061203
"1992","11/29/2013",51.82571
"1993","12/2/2013",51.608326
"1994","12/3/2013",51.499649
"1995","12/4/2013",51.798542
"1996","12/5/2013",50.55769
"1997","12/6/2013",50.775066
"1998","12/9/2013",51.18264
"1999","12/10/2013",51.354733
"2000","12/11/2013",50.784126
"2001","12/12/2013",51.001495
"2002","12/13/2013",50.874699
"2003","12/16/2013",51.101128
"2004","12/17/2013",50.467121
"2005","12/18/2013",51.843826
"2006","12/19/2013",51.834766
"2007","12/20/2013",52.260464
"2008","12/23/2013",52.749557
"2009","12/24/2013",52.758602
"2010","12/26/2013",52.713318
"2011","12/27/2013",52.658978
"2012","12/30/2013",52.486893
"2013","12/31/2013",52.966919
"2014","1/2/2014",53.067211
"2015","1/3/2014",53.47744
"2016","1/6/2014",53.787407
"2017","1/7/2014",53.16748
"2018","1/8/2014",53.668892
"2019","1/9/2014",53.568619
"2020","1/10/2014",53.322464
"2021","1/13/2014",52.602261
"2022","1/14/2014",52.638729
"2023","1/15/2014",54.234119
"2024","1/16/2014",53.778294
"2025","1/17/2014",52.97604
"2026","1/21/2014",53.030731
"2027","1/22/2014",52.501987
"2028","1/23/2014",51.48093
"2029","1/24/2014",50.222847
"2030","1/27/2014",50.222847
"2031","1/28/2014",50.815426
"2032","1/29/2014",50.623985
"2033","1/30/2014",51.052448
"2034","1/31/2014",50.468998
"2035","2/3/2014",49.511765
"2036","2/4/2014",50.095222
"2037","2/5/2014",50.332245
"2038","2/6/2014",51.490047
"2039","2/7/2014",51.61768
"2040","2/10/2014",51.727085
"2041","2/11/2014",52.356117
"2042","2/12/2014",52.438171
"2043","2/13/2014",52.903103
"2044","2/14/2014",53.012505
"2045","2/18/2014",53.322464
"2046","2/19/2014",52.201134
"2047","2/20/2014",52.492863
"2048","2/21/2014",52.52021
"2049","2/24/2014",52.903103
"2050","2/25/2014",51.991455
"2051","2/26/2014",51.736195
"2052","2/27/2014",51.681496
"2053","2/28/2014",51.800011
"2054","3/3/2014",51.243893
"2055","3/4/2014",52.201134
"2056","3/5/2014",53.021626
"2057","3/6/2014",53.696239
"2058","3/7/2014",54.152077
"2059","3/10/2014",53.969738
"2060","3/11/2014",53.048969
"2061","3/12/2014",52.80283
"2062","3/13/2014",52.347
"2063","3/14/2014",51.78178
"2064","3/17/2014",52.492863
"2065","3/18/2014",52.930458
"2066","3/19/2014",53.14925
"2067","3/20/2014",54.799343
"2068","3/21/2014",54.854046
"2069","3/24/2014",55.674522
"2070","3/25/2014",55.546902
"2071","3/26/2014",54.607903
"2072","3/27/2014",54.626122
"2073","3/28/2014",54.735531
"2074","3/31/2014",55.346329
"2075","4/1/2014",55.309868
"2076","4/2/2014",55.484169
"2077","4/3/2014",55.6493
"2078","4/4/2014",54.869518
"2079","4/7/2014",54.126419
"2080","4/8/2014",53.988811
"2081","4/9/2014",54.374126
"2082","4/10/2014",52.658592
"2083","4/11/2014",50.732056
"2084","4/14/2014",50.420143
"2085","4/15/2014",50.273354
"2086","4/16/2014",50.695354
"2087","4/17/2014",50.658672
"2088","4/21/2014",50.48436
"2089","4/22/2014",51.199932
"2090","4/23/2014",51.420105
"2091","4/24/2014",51.548538
"2092","4/25/2014",51.09901
"2093","4/28/2014",50.906364
"2094","4/29/2014",51.465969
"2095","4/30/2014",51.355885
"2096","5/1/2014",51.117363
"2097","5/2/2014",50.98893
"2098","5/5/2014",49.741268
"2099","5/6/2014",48.933956
"2100","5/7/2014",49.5853
"2101","5/8/2014",49.869698
"2102","5/9/2014",49.548607
"2103","5/12/2014",50.13575
"2104","5/13/2014",50.108215
"2105","5/14/2014",49.869698
"2106","5/15/2014",49.089912
"2107","5/16/2014",48.906437
"2108","5/19/2014",49.383476
"2109","5/20/2014",49.282566
"2110","5/21/2014",49.649525
"2111","5/22/2014",50.044006
"2112","5/23/2014",50.02565
"2113","5/27/2014",50.58527
"2114","5/28/2014",50.869663
"2115","5/29/2014",51.117363
"2116","5/30/2014",50.979748
"2117","6/2/2014",50.77792
"2118","6/3/2014",51.007271
"2119","6/4/2014",51.080666
"2120","6/5/2014",51.95219
"2121","6/6/2014",52.264107
"2122","6/9/2014",52.676929
"2123","6/10/2014",53.117283
"2124","6/11/2014",52.539322
"2125","6/12/2014",52.328327
"2126","6/13/2014",52.328327
"2127","6/16/2014",52.172359
"2128","6/17/2014",52.676929
"2129","6/18/2014",53.007206
"2130","6/19/2014",52.566849
"2131","6/20/2014",52.796192
"2132","6/23/2014",53.383331
"2133","6/24/2014",52.676929
"2134","6/25/2014",52.777847
"2135","6/26/2014",52.64941
"2136","6/27/2014",52.777847
"2137","6/30/2014",52.860413
"2138","7/1/2014",53.183746
"2139","7/2/2014",52.629463
"2140","7/3/2014",52.703362
"2141","7/7/2014",52.352318
"2142","7/8/2014",51.511658
"2143","7/9/2014",51.751839
"2144","7/10/2014",51.3269
"2145","7/11/2014",51.548603
"2146","7/14/2014",52.00127
"2147","7/15/2014",53.830402
"2148","7/16/2014",54.236893
"2149","7/17/2014",53.451653
"2150","7/18/2014",53.793468
"2151","7/21/2014",53.8027
"2152","7/22/2014",54.199936
"2153","7/23/2014",54.504795
"2154","7/24/2014",54.66185
"2155","7/25/2014",54.514038
"2156","7/28/2014",54.680321
"2157","7/29/2014",54.172222
"2158","7/30/2014",54.421661
"2159","7/31/2014",53.276123
"2160","8/1/2014",52.176792
"2161","8/4/2014",52.333851
"2162","8/5/2014",51.788799
"2163","8/6/2014",51.945839
"2164","8/7/2014",51.650219
"2165","8/8/2014",52.047459
"2166","8/11/2014",52.028984
"2167","8/12/2014",52.056698
"2168","8/13/2014",52.398514
"2169","8/14/2014",52.638702
"2170","8/15/2014",52.426224
"2171","8/18/2014",52.869648
"2172","8/19/2014",53.174507
"2173","8/20/2014",53.248413
"2174","8/21/2014",54.042896
"2175","8/22/2014",54.033661
"2176","8/25/2014",54.81889
"2177","8/26/2014",55.188416
"2178","8/27/2014",55.049847
"2179","8/28/2014",54.652603
"2180","8/29/2014",54.920509
"2181","9/2/2014",55.123741
"2182","9/3/2014",55.151463
"2183","9/4/2014",55.160698
"2184","9/5/2014",55.345463
"2185","9/8/2014",55.326981
"2186","9/9/2014",54.56023
"2187","9/10/2014",54.708038
"2188","9/11/2014",55.206886
"2189","9/12/2014",55.456322
"2190","9/15/2014",55.373177
"2191","9/16/2014",55.419373
"2192","9/17/2014",55.714989
"2193","9/18/2014",56.648033
"2194","9/19/2014",56.454041
"2195","9/22/2014",56.269272
"2196","9/23/2014",56.296986
"2197","9/24/2014",56.93441
"2198","9/25/2014",55.567177
"2199","9/26/2014",55.945942
"2200","9/29/2014",55.733467
"2201","9/30/2014",55.650326
"2202","10/1/2014",55.216129
"2203","10/2/2014",54.723217
"2204","10/3/2014",56.081062
"2205","10/6/2014",55.96946
"2206","10/7/2014",55.123123
"2207","10/8/2014",56.174076
"2208","10/9/2014",54.946434
"2209","10/10/2014",54.425602
"2210","10/13/2014",54.09079
"2211","10/14/2014",53.932682
"2212","10/15/2014",51.644798
"2213","10/16/2014",51.226288
"2214","10/17/2014",52.267925
"2215","10/20/2014",52.667835
"2216","10/21/2014",53.876877
"2217","10/22/2014",53.430466
"2218","10/23/2014",53.997791
"2219","10/24/2014",54.630219
"2220","10/27/2014",54.537209
"2221","10/28/2014",55.457943
"2222","10/29/2014",55.141727
"2223","10/30/2014",55.234726
"2224","10/31/2014",56.248466
"2225","11/3/2014",56.620487
"2226","11/4/2014",56.034561
"2227","11/5/2014",56.871597
"2228","11/6/2014",56.945992
"2229","11/7/2014",57.169205
"2230","11/10/2014",57.597019
"2231","11/11/2014",57.076199
"2232","11/12/2014",56.322876
"2233","11/13/2014",56.015965
"2234","11/14/2014",56.062466
"2235","11/17/2014",56.155472
"2236","11/18/2014",56.294968
"2237","11/19/2014",56.360065
"2238","11/20/2014",55.913658
"2239","11/21/2014",56.220573
"2240","11/24/2014",56.694889
"2241","11/25/2014",56.081062
"2242","11/26/2014",56.118267
"2243","11/28/2014",55.950859
"2244","12/1/2014",55.802048
"2245","12/2/2014",56.806492
"2246","12/3/2014",57.234306
"2247","12/4/2014",57.085503
"2248","12/5/2014",58.313148
"2249","12/8/2014",58.285244
"2250","12/9/2014",58.080639
"2251","12/10/2014",56.434471
"2252","12/11/2014",56.862286
"2253","12/12/2014",55.839264
"2254","12/15/2014",55.020824
"2255","12/16/2014",54.341904
"2256","12/17/2014",55.588146
"2257","12/18/2014",57.178501
"2258","12/19/2014",57.597019
"2259","12/22/2014",57.606316
"2260","12/23/2014",58.108536
"2261","12/24/2014",58.108536
"2262","12/26/2014",58.173637
"2263","12/29/2014",58.554955
"2264","12/30/2014",58.731663
"2265","12/31/2014",58.201542
"2266","1/2/2015",58.491711
"2267","1/5/2015",56.675838
"2268","1/6/2015",55.206284
"2269","1/7/2015",55.290531
"2270","1/8/2015",56.526073
"2271","1/9/2015",55.543251
"2272","1/12/2015",55.065887
"2273","1/13/2015",55.075245
"2274","1/14/2015",53.175133
"2275","1/15/2015",51.471577
"2276","1/16/2015",52.351437
"2277","1/20/2015",52.145515
"2278","1/21/2015",52.313995
"2279","1/22/2015",53.905224
"2280","1/23/2015",53.053448
"2281","1/26/2015",53.137688
"2282","1/27/2015",52.604164
"2283","1/28/2015",51.246937
"2284","1/29/2015",52.108074
"2285","1/30/2015",50.900612
"2286","2/2/2015",51.920868
"2287","2/3/2015",53.090889
"2288","2/4/2015",52.77264
"2289","2/5/2015",53.137688
"2290","2/6/2015",54.186024
"2291","2/9/2015",54.12051
"2292","2/10/2015",54.719551
"2293","2/11/2015",54.635319
"2294","2/12/2015",55.758537
"2295","2/13/2015",55.852139
"2296","2/17/2015",56.25462
"2297","2/18/2015",55.571339
"2298","2/19/2015",55.440292
"2299","2/20/2015",55.97382
"2300","2/23/2015",55.552612
"2301","2/24/2015",56.928566
"2302","2/25/2015",57.228085
"2303","2/26/2015",57.639931
"2304","2/27/2015",57.359127
"2305","3/2/2015",57.81778
"2306","3/3/2015",58.004982
"2307","3/4/2015",58.154747
"2308","3/5/2015",58.033062
"2309","3/6/2015",56.99408
"2310","3/9/2015",57.565044
"2311","3/10/2015",56.123585
"2312","3/11/2015",56.38567
"2313","3/12/2015",57.443363
"2314","3/13/2015",57.097046
"2315","3/16/2015",57.892662
"2316","3/17/2015",57.668015
"2317","3/18/2015",57.799057
"2318","3/19/2015",57.284241
"2319","3/20/2015",57.799057
"2320","3/23/2015",57.228085
"2321","3/24/2015",56.591591
"2322","3/25/2015",55.795982
"2323","3/26/2015",55.730453
"2324","3/27/2015",55.739815
"2325","3/30/2015",57.059601
"2326","3/31/2015",56.703922
"2327","4/1/2015",56.487198
"2328","4/2/2015",57.024281
"2329","4/6/2015",56.977169
"2330","4/7/2015",57.335213
"2331","4/8/2015",57.523666
"2332","4/9/2015",57.919403
"2333","4/10/2015",58.13612
"2334","4/13/2015",58.484741
"2335","4/14/2015",59.398724
"2336","4/15/2015",60.501137
"2337","4/16/2015",60.124237
"2338","4/17/2015",59.210266
"2339","4/20/2015",59.587162
"2340","4/21/2015",58.710888
"2341","4/22/2015",59.304493
"2342","4/23/2015",59.172573
"2343","4/24/2015",58.984131
"2344","4/27/2015",58.739151
"2345","4/28/2015",59.134884
"2346","4/29/2015",59.926376
"2347","4/30/2015",59.606014
"2348","5/1/2015",59.935791
"2349","5/4/2015",60.981682
"2350","5/5/2015",60.680161
"2351","5/6/2015",60.227879
"2352","5/7/2015",60.774384
"2353","5/8/2015",61.707195
"2354","5/11/2015",61.669514
"2355","5/12/2015",61.584713
"2356","5/13/2015",61.735462
"2357","5/14/2015",62.234848
"2358","5/15/2015",62.074665
"2359","5/18/2015",62.583481
"2360","5/19/2015",63.139404
"2361","5/20/2015",62.64003
"2362","5/21/2015",62.80019
"2363","5/22/2015",62.630596
"2364","5/26/2015",61.933342
"2365","5/27/2015",62.630596
"2366","5/28/2015",62.37619
"2367","5/29/2015",61.980457
"2368","6/1/2015",62.263123
"2369","6/2/2015",62.206585
"2370","6/3/2015",62.847298
"2371","6/4/2015",62.498684
"2372","6/5/2015",63.525715
"2373","6/8/2015",63.026337
"2374","6/9/2015",63.299591
"2375","6/10/2015",64.3172
"2376","6/11/2015",64.56218
"2377","6/12/2015",64.307777
"2378","6/15/2015",64.062798
"2379","6/16/2015",64.420853
"2380","6/17/2015",64.204132
"2381","6/18/2015",64.807159
"2382","6/19/2015",64.147598
"2383","6/22/2015",64.976776
"2384","6/23/2015",65.721138
"2385","6/24/2015",65.033295
"2386","6/25/2015",64.684669
"2387","6/26/2015",64.967354
"2388","6/29/2015",63.31842
"2389","6/30/2015",63.846077
"2390","7/1/2015",64.557373
"2391","7/2/2015",64.035751
"2392","7/6/2015",63.85556
"2393","7/7/2015",63.352921
"2394","7/8/2015",62.053612
"2395","7/9/2015",62.698524
"2396","7/10/2015",63.590015
"2397","7/13/2015",64.576347
"2398","7/14/2015",65.477333
"2399","7/15/2015",65.619583
"2400","7/16/2015",65.970482
"2401","7/17/2015",65.63855
"2402","7/20/2015",65.685974
"2403","7/21/2015",65.534218
"2404","7/22/2015",66.463661
"2405","7/23/2015",66.046356
"2406","7/24/2015",65.354034
"2407","7/27/2015",64.500481
"2408","7/28/2015",64.538414
"2409","7/29/2015",65.382477
"2410","7/30/2015",65.477333
"2411","7/31/2015",64.993637
"2412","8/3/2015",64.993637
"2413","8/4/2015",64.927246
"2414","8/5/2015",65.183319
"2415","8/6/2015",64.728096
"2416","8/7/2015",64.538414
"2417","8/10/2015",65.335068
"2418","8/11/2015",64.709129
"2419","8/12/2015",63.770214
"2420","8/13/2015",64.064224
"2421","8/14/2015",64.386665
"2422","8/17/2015",64.557373
"2423","8/18/2015",64.690155
"2424","8/19/2015",64.111633
"2425","8/20/2015",62.537289
"2426","8/21/2015",60.318043
"2427","8/24/2015",57.140915
"2428","8/25/2015",56.818459
"2429","8/26/2015",59.663651
"2430","8/27/2015",61.152634
"2431","8/28/2015",60.820694
"2432","8/31/2015",60.792244
"2433","9/1/2015",58.278992
"2434","9/2/2015",59.341198
"2435","9/3/2015",59.445522
"2436","9/4/2015",58.326412
"2437","9/8/2015",59.900745
"2438","9/9/2015",58.971321
"2439","9/10/2015",59.426552
"2440","9/11/2015",59.331715
"2441","9/14/2015",59.160999
"2442","9/15/2015",60.299084
"2443","9/16/2015",60.830181
"2444","9/17/2015",59.417068
"2445","9/18/2015",57.795307
"2446","9/21/2015",58.278992
"2447","9/22/2015",57.766857
"2448","9/23/2015",57.510792
"2449","9/24/2015",57.112465
"2450","9/25/2015",58.297958
"2451","9/28/2015",56.88485
"2452","9/29/2015",56.752075
"2453","9/30/2015",57.823765
"2454","10/1/2015",58.250542
"2455","10/2/2015",58.08815
"2456","10/5/2015",59.243992
"2457","10/6/2015",59.272648
"2458","10/7/2015",59.349064
"2459","10/8/2015",59.349064
"2460","10/9/2015",59.15802
"2461","10/12/2015",58.957417
"2462","10/13/2015",58.795021
"2463","10/14/2015",57.304855
"2464","10/15/2015",59.119812
"2465","10/16/2015",59.635635
"2466","10/19/2015",59.43504
"2467","10/20/2015",59.721611
"2468","10/21/2015",59.282196
"2469","10/22/2015",60.361614
"2470","10/23/2015",61.011181
"2471","10/26/2015",61.039841
"2472","10/27/2015",60.791477
"2473","10/28/2015",62.568222
"2474","10/29/2015",62.291206
"2475","10/30/2015",61.374168
"2476","11/2/2015",62.60643
"2477","11/3/2015",62.83569
"2478","11/4/2015",62.902561
"2479","11/5/2015",63.466148
"2480","11/6/2015",65.395737
"2481","11/9/2015",64.373634
"2482","11/10/2015",64.65065
"2483","11/11/2015",64.335419
"2484","11/12/2015",63.045845
"2485","11/13/2015",62.625534
"2486","11/16/2015",63.53302
"2487","11/17/2015",63.170025
"2488","11/18/2015",64.430931
"2489","11/19/2015",64.631546
"2490","11/20/2015",64.516914
"2491","11/23/2015",63.886452
"2492","11/24/2015",63.790932
"2493","11/25/2015",63.867344
"2494","11/27/2015",64.163483
"2495","11/30/2015",63.695408
"2496","12/1/2015",64.583771
"2497","12/2/2015",63.676319
"2498","12/3/2015",62.854786
"2499","12/4/2015",64.85125
"2500","12/7/2015",64.001076
"2501","12/8/2015",63.007633
"2502","12/9/2015",62.53001
"2503","12/10/2015",62.673294
"2504","12/11/2015",61.202229
"2505","12/14/2015",61.393276
"2506","12/15/2015",63.141361
"2507","12/16/2015",64.507347
"2508","12/17/2015",63.313305
"2509","12/18/2015",61.517464
"2510","12/21/2015",62.60643
"2511","12/22/2015",62.740162
"2512","12/23/2015",63.743172
"2513","12/24/2015",63.618996
"2514","12/28/2015",63.408833
"2515","12/29/2015",64.06794
"2516","12/30/2015",63.609436
"2517","12/31/2015",63.074501
"2518","1/4/2016",61.18005
"2519","1/5/2016",61.285831
"2520","1/6/2016",60.401123
"2521","1/7/2016",57.958534
"2522","1/8/2016",56.660305
"2523","1/11/2016",56.573753
"2524","1/12/2016",56.698772
"2525","1/13/2016",55.1409
"2526","1/14/2016",55.967922
"2527","1/15/2016",54.852406
"2528","1/19/2016",54.823563
"2529","1/20/2016",53.381088
"2530","1/21/2016",53.131054
"2531","1/22/2016",54.765858
"2532","1/25/2016",53.525337
"2533","1/26/2016",54.890877
"2534","1/27/2016",54.852406
"2535","1/28/2016",55.08321
"2536","1/29/2016",57.218063
"2537","2/1/2016",56.602608
"2538","2/2/2016",54.842789
"2539","2/3/2016",55.208214
"2540","2/4/2016",56.160255
"2541","2/5/2016",55.535179
"2542","2/8/2016",54.371586
"2543","2/9/2016",54.044624
"2544","2/10/2016",53.390701
"2545","2/11/2016",51.03466
"2546","2/12/2016",55.285152
"2547","2/16/2016",56.112164
"2548","2/17/2016",56.516064
"2549","2/18/2016",55.59288
"2550","2/19/2016",55.602489
"2551","2/22/2016",56.32373
"2552","2/23/2016",53.96769
"2553","2/24/2016",53.986923
"2554","2/25/2016",54.823563
"2555","2/26/2016",55.333233
"2556","2/29/2016",54.140793
"2557","3/1/2016",56.929565
"2558","3/2/2016",57.468094
"2559","3/3/2016",57.660416
"2560","3/4/2016",57.746967
"2561","3/7/2016",57.64119
"2562","3/8/2016",56.525681
"2563","3/9/2016",56.852634
"2564","3/10/2016",56.362198
"2565","3/11/2016",57.064198
"2566","3/14/2016",56.852634
"2567","3/15/2016",56.929565
"2568","3/16/2016",56.660305
"2569","3/17/2016",56.496822
"2570","3/18/2016",58.16048
"2571","3/21/2016",58.141243
"2572","3/22/2016",57.929684
"2573","3/23/2016",57.64119
"2574","3/24/2016",57.19883
"2575","3/28/2016",57.121899
"2576","3/29/2016",56.766087
"2577","3/30/2016",57.420013
"2578","3/31/2016",56.948803
"2579","4/1/2016",57.573872
"2580","4/4/2016",57.351059
"2581","4/5/2016",56.537292
"2582","4/6/2016",56.973232
"2583","4/7/2016",55.52977
"2584","4/8/2016",55.936657
"2585","4/11/2016",56.382286
"2586","4/12/2016",57.428558
"2587","4/13/2016",59.860168
"2588","4/14/2016",60.635178
"2589","4/15/2016",59.937664
"2590","4/18/2016",60.325176
"2591","4/19/2016",61.342381
"2592","4/20/2016",62.233643
"2593","4/21/2016",61.613632
"2594","4/22/2016",61.97208
"2595","4/25/2016",61.613632
"2596","4/26/2016",61.933331
"2597","4/27/2016",62.107708
"2598","4/28/2016",61.613632
"2599","4/29/2016",61.226128
"2600","5/2/2016",61.797703
"2601","5/3/2016",60.606121
"2602","5/4/2016",59.647038
"2603","5/5/2016",59.327347
"2604","5/6/2016",59.676102
"2605","5/9/2016",59.298283
"2606","5/10/2016",60.102356
"2607","5/11/2016",59.879543
"2608","5/12/2016",59.84079
"2609","5/13/2016",59.288597
"2610","5/16/2016",59.734222
"2611","5/17/2016",59.734222
"2612","5/18/2016",62.039894
"2613","5/19/2016",61.410191
"2614","5/20/2016",61.526443
"2615","5/23/2016",61.478008
"2616","5/24/2016",62.524281
"2617","5/25/2016",63.473667
"2618","5/26/2016",62.998978
"2619","5/27/2016",63.386478
"2620","5/31/2016",63.23148
"2621","6/1/2016",63.638355
"2622","6/2/2016",63.754608
"2623","6/3/2016",62.621155
"2624","6/6/2016",63.241161
"2625","6/7/2016",63.028034
"2626","6/8/2016",63.212097
"2627","6/9/2016",62.727715
"2628","6/10/2016",61.846142
"2629","6/13/2016",61.293941
"2630","6/14/2016",60.141109
"2631","6/15/2016",60.034546
"2632","6/16/2016",60.276737
"2633","6/17/2016",60.334858
"2634","6/20/2016",60.42205
"2635","6/21/2016",60.983932
"2636","6/22/2016",60.751427
"2637","6/23/2016",62.049583
"2638","6/24/2016",57.738564
"2639","6/27/2016",55.810719
"2640","6/28/2016",57.66106
"2641","6/29/2016",59.288597
"2642","6/30/2016",60.19923
"2643","7/1/2016",59.808708
"2644","7/5/2016",58.139217
"2645","7/6/2016",58.764057
"2646","7/7/2016",59.144817
"2647","7/8/2016",60.365204
"2648","7/11/2016",60.794781
"2649","7/12/2016",61.702747
"2650","7/13/2016",61.663692
"2651","7/14/2016",62.600952
"2652","7/15/2016",62.659527
"2653","7/18/2016",62.444744
"2654","7/19/2016",62.347115
"2655","7/20/2016",62.415455
"2656","7/21/2016",62.181137
"2657","7/22/2016",62.522846
"2658","7/25/2016",62.356873
"2659","7/26/2016",62.61071
"2660","7/27/2016",62.805981
"2661","7/28/2016",62.581425
"2662","7/29/2016",62.45451
"2663","8/1/2016",62.288532
"2664","8/2/2016",62.142086
"2665","8/3/2016",63.128162
"2666","8/4/2016",63.030521
"2667","8/5/2016",64.729301
"2668","8/8/2016",64.534042
"2669","8/9/2016",64.309494
"2670","8/10/2016",63.733467
"2671","8/11/2016",63.909206
"2672","8/12/2016",63.772522
"2673","8/15/2016",64.163055
"2674","8/16/2016",64.153282
"2675","8/17/2016",64.329018
"2676","8/18/2016",64.387596
"2677","8/19/2016",64.299736
"2678","8/22/2016",64.24115
"2679","8/23/2016",64.211861
"2680","8/24/2016",64.387596
"2681","8/25/2016",64.504753
"2682","8/26/2016",64.651207
"2683","8/29/2016",65.363907
"2684","8/30/2016",65.900879
"2685","8/31/2016",65.900879
"2686","9/1/2016",65.617752
"2687","9/2/2016",65.891113
"2688","9/6/2016",65.8423
"2689","9/7/2016",65.568932
"2690","9/8/2016",65.656807
"2691","9/9/2016",65.071014
"2692","9/12/2016",65.471291
"2693","9/13/2016",64.953857
"2694","9/14/2016",64.826942
"2695","9/15/2016",65.061256
"2696","9/16/2016",64.260674
"2697","9/19/2016",64.621918
"2698","9/20/2016",64.885521
"2699","9/21/2016",65.256516
"2700","9/22/2016",65.79348
"2701","9/23/2016",65.656807
"2702","9/26/2016",64.221626
"2703","9/27/2016",64.787888
"2704","9/28/2016",65.129601
"2705","9/29/2016",64.094711
"2706","9/30/2016",65.012436
"2707","10/3/2016",64.934334
"2708","10/4/2016",65.494873
"2709","10/5/2016",66.566795
"2710","10/6/2016",66.743805
"2711","10/7/2016",66.97982
"2712","10/10/2016",67.501015
"2713","10/11/2016",67.176491
"2714","10/12/2016",66.999481
"2715","10/13/2016",66.615959
"2716","10/14/2016",66.399597
"2717","10/17/2016",66.055412
"2718","10/18/2016",66.576607
"2719","10/19/2016",67.215836
"2720","10/20/2016",67.127319
"2721","10/21/2016",67.353508
"2722","10/24/2016",67.727211
"2723","10/25/2016",67.658371
"2724","10/26/2016",67.982887
"2725","10/27/2016",68.081238
"2726","10/28/2016",67.963219
"2727","10/31/2016",68.110733
"2728","11/1/2016",67.825546
"2729","11/2/2016",67.540367
"2730","11/3/2016",67.245331
"2731","11/4/2016",66.635628
"2732","11/7/2016",68.720444
"2733","11/8/2016",68.86795
"2734","11/9/2016",72.034515
"2735","11/10/2016",75.378105
"2736","11/11/2016",75.417442
"2737","11/14/2016",78.190651
"2738","11/15/2016",78.043137
"2739","11/16/2016",76.115662
"2740","11/17/2016",76.725372
"2741","11/18/2016",76.420517
"2742","11/21/2016",76.754875
"2743","11/22/2016",77.226906
"2744","11/23/2016",77.551437
"2745","11/25/2016",77.521935
"2746","11/28/2016",77.020401
"2747","11/29/2016",77.610435
"2748","11/30/2016",78.839691
"2749","12/1/2016",80.432823
"2750","12/2/2016",80.245964
"2751","12/5/2016",81.878426
"2752","12/6/2016",82.301292
"2753","12/7/2016",82.674988
"2754","12/8/2016",83.707565
"2755","12/9/2016",84.071411
"2756","12/12/2016",83.324028
"2757","12/13/2016",83.353539
"2758","12/14/2016",83.324028
"2759","12/15/2016",84.572952
"2760","12/16/2016",83.530548
"2761","12/19/2016",84.012421
"2762","12/20/2016",85.094162
"2763","12/21/2016",85.310516
"2764","12/22/2016",85.448196
"2765","12/23/2016",85.605537
"2766","12/27/2016",85.684196
"2767","12/28/2016",85.064659
"2768","12/29/2016",84.464783
"2769","12/30/2016",84.858147
"2770","1/3/2017",85.782555
"2771","1/4/2017",85.940773
"2772","1/5/2017",85.149689
"2773","1/6/2017",85.159576
"2774","1/9/2017",85.218903
"2775","1/10/2017",85.466118
"2776","1/11/2017",86.108864
"2777","1/12/2017",85.278229
"2778","1/13/2017",85.733101
"2779","1/17/2017",82.61824
"2780","1/18/2017",83.003891
"2781","1/19/2017",82.371025
"2782","1/20/2017",82.736893
"2783","1/23/2017",82.776451
"2784","1/24/2017",83.775192
"2785","1/25/2017",85.07058
"2786","1/26/2017",85.782555
"2787","1/27/2017",85.960541
"2788","1/30/2017",85.07058
"2789","1/31/2017",83.686188
"2790","2/1/2017",84.002617
"2791","2/2/2017",83.646629
"2792","2/3/2017",86.207756
"2793","2/6/2017",85.802322
"2794","2/7/2017",85.752884
"2795","2/8/2017",85.001358
"2796","2/9/2017",86.227531
"2797","2/10/2017",86.029755
"2798","2/13/2017",87.166931
"2799","2/14/2017",88.561203
"2800","2/15/2017",89.57972
"2801","2/16/2017",89.520393
"2802","2/17/2017",89.223747
"2803","2/21/2017",89.995049
"2804","2/22/2017",90.044479
"2805","2/23/2017",90.113701
"2806","2/24/2017",89.322624
"2807","2/27/2017",89.421509
"2808","2/28/2017",89.609398
"2809","3/1/2017",92.556152
"2810","3/2/2017",91.112434
"2811","3/3/2017",91.765076
"2812","3/6/2017",90.89489
"2813","3/7/2017",90.390579
"2814","3/8/2017",90.19281
"2815","3/9/2017",90.54879
"2816","3/10/2017",90.262024
"2817","3/13/2017",90.341133
"2818","3/14/2017",90.489464
"2819","3/15/2017",90.707008
"2820","3/16/2017",90.618011
"2821","3/17/2017",89.668724
"2822","3/20/2017",89.025963
"2823","3/21/2017",86.415405
"2824","3/22/2017",86.553841
"2825","3/23/2017",86.415405
"2826","3/24/2017",86.316528
"2827","3/27/2017",86.267082
"2828","3/28/2017",87.611916
"2829","3/29/2017",87.285591
"2830","3/30/2017",88.037117
"2831","3/31/2017",86.860382
"2832","4/3/2017",86.543961
"2833","4/4/2017",86.832375
"2834","4/5/2017",85.718506
"2835","4/6/2017",86.00692
"2836","4/7/2017",85.708557
"2837","4/10/2017",85.410194
"2838","4/11/2017",85.261024
"2839","4/12/2017",84.932823
"2840","4/13/2017",83.938293
"2841","4/17/2017",85.390305
"2842","4/18/2017",84.694138
"2843","4/19/2017",83.997963
"2844","4/20/2017",85.082008
"2845","4/21/2017",84.057632
"2846","4/24/2017",87.021332
"2847","4/25/2017",87.777184
"2848","4/26/2017",87.946251
"2849","4/27/2017",87.130737
"2850","4/28/2017",86.524071
"2851","5/1/2017",86.58374
"2852","5/2/2017",86.026802
"2853","5/3/2017",86.524071
"2854","5/4/2017",86.62352
"2855","5/5/2017",86.524071
"2856","5/8/2017",86.62352
"2857","5/9/2017",86.275436
"2858","5/10/2017",86.951721
"2859","5/11/2017",86.683197
"2860","5/12/2017",86.444504
"2861","5/15/2017",86.862206
"2862","5/16/2017",87.130737
"2863","5/17/2017",83.808998
"2864","5/18/2017",83.500702
"2865","5/19/2017",84.316216
"2866","5/22/2017",84.236649
"2867","5/23/2017",85.290855
"2868","5/24/2017",85.241127
"2869","5/25/2017",84.883095
"2870","5/26/2017",84.893044
"2871","5/30/2017",83.441032
"2872","5/31/2017",81.700607
"2873","6/1/2017",82.605621
"2874","6/2/2017",82.18792
"2875","6/5/2017",82.337105
"2876","6/6/2017",82.506172
"2877","6/7/2017",83.450981
"2878","6/8/2017",84.485283
"2879","6/9/2017",86.484291
"2880","6/12/2017",86.504181
"2881","6/13/2017",86.792587
"2882","6/14/2017",86.613571
"2883","6/15/2017",86.09642
"2884","6/16/2017",85.708557
"2885","6/19/2017",87.588219
"2886","6/20/2017",87.041222
"2887","6/21/2017",86.643417
"2888","6/22/2017",86.543961
"2889","6/23/2017",86.384834
"2890","6/26/2017",86.762756
"2891","6/27/2017",87.568329
"2892","6/28/2017",89.328644
"2893","6/29/2017",90.651367
"2894","6/30/2017",90.900002
"2895","7/3/2017",92.75
"2896","7/5/2017",93.68
"2897","7/6/2017",93.379997
"2898","7/7/2017",93.849998
"2899","7/10/2017",93.190002
"2900","7/11/2017",92.830002
"2901","7/12/2017",92.510002
"2902","7/13/2017",93.099998
"2903","7/14/2017",92.25
"2904","7/17/2017",91.389999
"2905","7/18/2017",91.07
"2906","7/19/2017",91.199997
"2907","7/20/2017",91.199997
"2908","7/21/2017",90.889999
"2909","7/24/2017",91.279999
"2910","7/25/2017",92.800003
"2911","7/26/2017",91.93
"2912","7/27/2017",91.550003
"2913","7/28/2017",91.279999
"2914","7/31/2017",91.800003
"2915","8/1/2017",93.029999
"2916","8/2/2017",93.110001
"2917","8/3/2017",92.5
"2918","8/4/2017",93.660004
"2919","8/7/2017",94.019997
"2920","8/8/2017",93.68
"2921","8/9/2017",93.529999
"2922","8/10/2017",92.190002
"2923","8/11/2017",91.419998
"2924","8/14/2017",92.489998
"2925","8/15/2017",92.730003
"2926","8/16/2017",92.089996
"2927","8/17/2017",90.650002
"2928","8/18/2017",90.739998
